Stimulus ID, ImageArea,TextGroup,NonTextArea,TextArea,QuadTree,Saturation,Colorfulness2,Colorfulness1,Complexity,Phase 2 Response,Phase 1 Response,Final Score,,,Phase 2 Response,Phase 1 Response,,,,,,,
0,0,0,1002822,0,8026,150.7687805,22.89196915,107.6238156,6.978466527,6.228813559,6.228813559,6.228813559,,Phase 2 Response,1,,,,,,,,
1,4,1,1109683,11760,13888,53.35454179,31.46048311,67.0791525,7.289614843,5.875,5.817307692,5.846153846,,Phase 1 Response,0.982934437,1,,,,,,,
2,31,15,871855,75622,23476,40.59015838,17.75377361,63.31601884,9.836733836,4.661290323,4.911290323,4.786290323,,,,,,,,,,,
3,6,13,118820,26930,1528,57.98323948,23.7153768,68.13090496,3.69283253,6.545454545,6.834710744,6.690082645,,,,,,,,,,,
4,13,28,46485,186291,4,5.97233375,4.430877922,28.61836013,6.474831821,4.132743363,4.185840708,4.159292035,,, ImageArea,TextGroup,NonTextArea,TextArea,QuadTree,Saturation,Colorfulness2,Colorfulness1,Complexity
5,38,7,376735,84210,5062,28.70715518,13.17244075,17.69729071,7.679398193,4.907407407,5.222222222,5.064814815,,,,,,,,,,,
6,10,4,879849,13264,967,12.34048234,3.594220406,20.02157874,6.209021248,3.912698413,4.134920635,4.023809524,,Mean,11.3969432,12.8644387,674883.0143,103475.1932,5744.351436,55.1468258,17.27865864,57.67559359,7.975251732
7,78,6,1785004,81960,22135,14.27613267,8.205001027,25.92707133,16.51072861,4.616,4.816,4.716,,Standard Error,0.805841093,0.693991243,32920.1313,6336.322676,395.6623899,2.522862902,1.122623884,1.527036445,0.204715207
8,1,4,735900,19452,868,48.92306746,17.79274731,86.8523393,5.770304823,5.692307692,5.897435897,5.794871795,,Median,7,9,519001,68708.5,2915.5,40.93402054,12.70265417,53.48369503,7.06378099
9,1,2,747270,4220,1729,13.32012928,5.550817027,26.74108988,4.777300571,4.612068966,4.931034483,4.771551724,,Mode,1,0,1002822,0,16,#N/A,#N/A,#N/A,#N/A
10,7,22,796888,75502,487,34.50900363,8.450100916,73.18396997,8.215947305,6.327272727,6.227272727,6.277272727,,Standard Deviation,14.54983975,12.53033812,594388.4459,114405.2845,7143.870445,45.55147565,20.26950195,27.57136086,3.696229298
11,1,0,1918400,0,24721,111.4122538,19.03493105,129.6694657,11.52792725,3.973451327,3.946902655,3.960176991,,Sample Variance,211.6978368,157.0093735,3.53E+11,13088569129,51034884.94,2074.936934,410.8527094,760.1799395,13.66211102
12,24,10,360457,118773,4762,37.0371125,4.716718042,40.20218285,7.085457729,4.265151515,4.522727273,4.393939394,,Kurtosis,25.85306645,2.869066319,2.217363812,3.902656813,3.100578228,2.334679259,34.92122171,1.511547379,3.216368184
13,8,7,567766,138525,1459,2.452322479,6.807532665,13.39550331,27.98601064,4.592592593,4.611111111,4.601851852,,Skewness,3.74925136,1.463890238,1.500357574,1.790531581,1.776212636,1.60571826,4.965235378,0.997052499,1.362315751
14,8,16,201717,62835,2722,32.69568206,2.535514536,50.67145319,4.982058627,5.9375,6.171875,6.0546875,,Range,149,74,3119083,698769,38355,235.1782681,204.9578968,174.8860985,25.59407031
15,4,9,28586,54158,4,22.27699929,14.07440782,48.18611469,3.105094371,3.870967742,4.290322581,4.080645161,,Minimum,0,0,21,0,4,0,0,0,2.391940336
16,11,24,54532,112796,5491,177.6435828,8.938930315,87.41978269,6.442547879,2.675438596,2.929824561,2.802631579,,Maximum,149,74,3119104,698769,38359,235.1782681,204.9578968,174.8860985,27.98601064
17,1,0,700748,0,11680,74.85036105,29.42132114,71.43292849,4.953539232,6.264,6.36,6.312,,Sum,3715.403482,4193.807018,220011862.7,33732912.97,1872658.568,17977.86521,5632.842718,18802.24351,2599.932065
18,31,40,497416,336102,10198,38.61948145,22.51740242,61.15128978,15.25391419,5.368,5.744,5.556,,Count,326,326,326,326,326,326,326,326,326
19,15,21,1113113,130922,553,10.25297916,2.29177208,44.37648715,10.64710202,5.837837838,5.81981982,5.828828829,,,,,,,,,,,
20,5,7,1424112,100085,4330,13.49906334,4.041324101,27.42245479,10.31389887,5.96124031,5.930232558,5.945736434,,,,,,,,,,,
21,8,12,850209,185080,16,33.98467893,21.65634304,48.06271787,9.538085722,4.982905983,5.153846154,5.068376068,,,,,,,,,,,
22,4,12,474633,63863,124,23.60084666,8.004577733,42.96933947,5.439569169,5.807017544,6.149122807,5.978070175,,,,,,,,,,,
23,30,33,243313,332811,2350,20.68673171,0.868603029,1.642849411,11.1307781,4.168141593,4.203539823,4.185840708,,,,,,,,,,,
24,12,8,176835,51238,1300,102.3186213,20.7945122,81.49473379,4.584560702,4.983050847,5.177966102,5.080508475,,,,,,,,,,,
25,4,8,554206,27771,3181,59.80514457,12.79177313,58.53583582,5.423107521,5.058823529,5.382352941,5.220588235,,,,,,,,,,,
26,0,0,1089600,0,12214,82.63725128,16.23804193,79.98812582,6.822415366,6.124031008,6.271317829,6.197674419,,,,,,,,,,,
27,1,26,8979,203442,4,6.644018999,3.862437726,24.47178195,5.728000643,3.38372093,3.546511628,3.465116279,,,,,,,,,,,
28,0,0,1448172,0,1375,21.19489398,32.0391991,42.82646477,8.064297318,5.56122449,5.673469388,5.617346939,,,,,,,,,,,
29,10,12,982541,68145,25,22.61341603,8.626154149,60.76710596,8.592395196,4.8,5.034782609,4.917391304,,,,,,,,,,,
30,5,5,341887,6619,169,36.33543294,15.80968238,23.00129811,3.520915552,4.982142857,5.125,5.053571429,,,,,,,,,,,
31,1,1,398622,16666,1114,151.950427,11.73981448,101.7678393,4.213098655,4.448275862,4.577586207,4.512931034,,,,,,,,,,,
32,3,2,784446,25339,1036,29.69205619,8.553406536,40.28633309,5.925774923,5.212389381,5.309734513,5.261061947,,,,,,,,,,,
33,53,24,935180,76322,25489,34.457425,3.775541595,29.52131669,12.45229722,5.033613445,5.210084034,5.121848739,,,,,,,,,,,
34,1,1,1100686,1695,8215,77.546861,24.98625032,64.68109128,6.953012168,5.782608696,6.008695652,5.895652174,,,,,,,,,,,
35,7,41,319829,215383,8446,181.2482487,163.8624105,86.41531806,9.612284418,3.829457364,3.930232558,3.879844961,,,,,,,,,,,
36,13,22,111325,137927,3052,31.6459516,9.486821612,66.43980738,6.960107281,5.719298246,5.850877193,5.785087719,,,,,,,,,,,
37,1,2,1948884,22452,1126,76.83061012,13.28522872,97.70102676,11.81300115,5.516666667,5.358333333,5.4375,,,,,,,,,,,
38,1,2,664432,18151,2902,35.1913125,12.44416191,69.85982263,5.139204148,5.917355372,6.256198347,6.08677686,,,,,,,,,,,
39,46,30,466397,103900,16690,25.32485388,11.2062142,46.70669101,14.56420854,4.088709677,4.403225806,4.245967742,,,,,,,,,,,
40,17,9,464183,91566,7420,56.64338675,3.047043414,17.47277223,6.602761457,6.099173554,5.760330579,5.929752066,,,,,,,,,,,
41,18,9,482428,29834,2434,62.61966486,85.30996283,77.78942457,6.22637091,3.762711864,4.042372881,3.902542373,,,,,,,,,,,
42,6,4,1450282,46357,2401,31.71911685,11.46198361,44.91304816,9.658765135,5.4140625,5.4765625,5.4453125,,,,,,,,,,,
43,30,29,330041,231143,2863,19.03769123,16.62430168,51.87919076,9.947472479,6.184210526,6.368421053,6.276315789,,,,,,,,,,,
44,0,0,1020816,0,160,31.00007445,72.94399474,51.18048045,6.32616083,5.635416667,5.9375,5.786458333,,,,,,,,,,,
45,3,4,792604,47089,1141,22.56449587,6.005372396,35.00794651,5.997653102,2.632478632,2.837606838,2.735042735,,,,,,,,,,,
46,48,12,1788355,111578,13051,20.9926,17.69860049,46.8582155,15.41849562,6.198275862,6.379310345,6.288793103,,,,,,,,,,,
47,9,7,442920,75282,6136,72.79327714,18.45944745,63.15455474,5.738024914,3.9921875,4.1640625,4.078125,,,,,,,,,,,
48,4,1,966948,31108,5320,49.19667518,9.259586521,56.13481093,6.950450502,3.472,3.544,3.508,,,,,,,,,,,
49,1,0,1223320,0,20731,69.09267292,6.619807214,46.01231407,7.42191588,5.946902655,6.159292035,6.053097345,,,,,,,,,,,
50,4,16,251490,47097,841,46.07636154,10.16129512,57.05110431,4.643415737,6.11,6.29,6.2,,,,,,,,,,,
51,1,3,573648,28217,4,25.43268229,15.66519326,55.48326905,4.666108322,3.398148148,3.740740741,3.569444444,,,,,,,,,,,
52,4,19,941990,73680,9313,103.9117621,16.76835526,89.41028689,9.428793193,5.075471698,5.20754717,5.141509434,,,,,,,,,,,
53,5,17,1399204,322325,55,15.73470971,13.5668607,15.85510522,13.76123753,5.346153846,5.528846154,5.4375,,,,,,,,,,,
54,2,16,541399,77821,646,55.49161535,6.930892211,97.89938903,6.573104112,4.637931034,4.689655172,4.663793103,,,,,,,,,,,
55,21,21,1558172,92378,1837,75.13967805,6.782371681,76.61556023,13.40000861,5.991452991,5.88034188,5.935897436,,,,,,,,,,,
56,6,7,255764,72885,1468,60.87909448,22.75221363,45.55579783,4.422407685,4.791304348,5.12173913,4.956521739,,,,,,,,,,,
57,1,0,740000,0,688,156.93054,19.75350394,174.8860985,6.511837283,5.619469027,5.592920354,5.60619469,,,,,,,,,,,
58,0,0,880000,0,46,26.85538409,0.868121278,79.3465657,5.737524586,5.015748031,5.212598425,5.114173228,,,,,,,,,,,
59,1,2,801240,5748,3823,42.45562294,3.547901605,62.62020687,5.674955089,6.062015504,6.124031008,6.093023256,,,,,,,,,,,
60,1,0,779526,0,5479,52.89893019,23.00208071,59.55118031,5.313184648,5.220338983,5.177966102,5.199152542,,,,,,,,,,,
62,3,8,997448,117736,4783,83.48025213,16.36547911,88.57077574,9.129944432,6.39047619,6.561904762,6.476190476,,,,,,,,,,,
63,1,3,968484,33608,55,25.71281491,26.07882513,49.12312871,6.894748129,5.193277311,5.075630252,5.134453782,,,,,,,,,,,
64,27,18,181196,352690,6469,20.32115062,3.579142288,47.61304426,10.63054407,3.737288136,4.220338983,3.978813559,,,,,,,,,,,
65,13,8,442246,42538,1663,54.00661296,82.43598665,69.4788844,5.753173745,3.533333333,3.725,3.629166667,,,,,,,,,,,
66,10,11,937556,72368,6301,30.83257464,20.12122027,62.13648346,8.351263077,4.555555556,4.522222222,4.538888889,,,,,,,,,,,
67,26,24,531819,698769,17857,96.48594667,20.24531214,86.18174578,17.90459716,3.341666667,3.716666667,3.529166667,,,,,,,,,,,
69,27,35,201223,276155,1756,53.74329496,20.48605385,24.24146085,10.43782325,4.642857143,4.785714286,4.714285714,,,,,,,,,,,
70,1,1,911424,9438,2113,91.26001276,37.06715718,95.40083615,6.441042678,2.975,3.241666667,3.108333333,,,,,,,,,,,
71,24,7,430156,16852,3109,21.82867243,21.97103922,42.86910838,5.471304691,4.29,4.57,4.43,,,,,,,,,,,
72,3,2,1512630,44170,16606,43.89672291,19.93962565,66.59021298,9.702186358,5.376068376,5.564102564,5.47008547,,,,,,,,,,,
73,5,1,2338474,4059,24118,201.9536772,7.036338465,147.4225649,14.35799728,5.462121212,5.666666667,5.564393939,,,,,,,,,,,
74,13,36,72059,167023,691,55.39054132,36.77463525,52.41485853,7.837774157,5.31,5.14,5.225,,,,,,,,,,,
75,26,20,338004,130179,3031,23.29200396,16.94246515,26.23733287,8.031451333,5.81512605,5.974789916,5.894957983,,,,,,,,,,,
76,0,0,2118875,0,15637,58.660366,9.004846007,47.04255886,11.39519098,5.398230088,5.530973451,5.46460177,,,,,,,,,,,
77,21,14,651249,18087,4114,56.99856623,15.44116441,75.60069673,7.326666795,4.923076923,5.222222222,5.072649573,,,,,,,,,,,
78,0,0,960000,0,4159,158.4074104,95.36660894,143.2816299,7.089250169,5.478991597,5.680672269,5.579831933,,,,,,,,,,,
79,15,13,213341,365325,16,14.82963263,5.633785089,44.22779683,9.361098995,4.606299213,4.818897638,4.712598425,,,,,,,,,,,
80,8,26,276864,139807,16,14.52319309,10.0478866,18.93833363,6.665756595,4.558333333,4.583333333,4.570833333,,,,,,,,,,,
81,8,21,158620,120213,1399,13.69950003,10.40133622,35.07173153,5.569207266,5.294117647,5.344537815,5.319327731,,,,,,,,,,,
82,1,0,643146,0,5095,57.36724607,26.65107248,91.9150404,5.097287536,6.412371134,6.474226804,6.443298969,,,,,,,,,,,
83,7,7,1057089,113878,20194,80.29809864,15.99203232,84.53916485,9.51596464,5.172131148,5.467213115,5.319672131,,,,,,,,,,,
84,6,8,272851,86861,6874,25.04909632,12.81943046,48.21639624,4.790385031,5.301587302,5.5,5.400793651,,,,,,,,,,,
85,5,6,609508,35847,940,11.34537009,18.36536057,39.8666028,5.580845331,4.047619048,4.412698413,4.23015873,,,,,,,,,,,
86,7,12,174684,121396,2767,7.561414583,3.951927708,17.2447816,5.029822451,4.929824561,4.947368421,4.938596491,,,,,,,,,,,
87,10,28,671943,122192,16,18.66403348,3.826118099,43.29824595,8.483934197,5.12195122,5.276422764,5.199186992,,,,,,,,,,,
88,25,24,337546,214526,5797,16.05746966,10.55697716,48.60786555,9.416804662,5.540983607,5.950819672,5.745901639,,,,,,,,,,,
89,10,18,338554,319621,2635,12.85630714,9.786033458,40.02981337,9.273960075,4.590909091,4.809090909,4.7,,,,,,,,,,,
90,22,22,568686,189006,2008,13.24427791,10.17692525,41.59217008,9.653082392,5.386554622,5.680672269,5.533613445,,,,,,,,,,,
91,7,16,132373,108221,1207,32.25561143,11.82042633,61.43064809,5.312047986,4.762711864,5.288135593,5.025423729,,,,,,,,,,,
92,16,21,2350638,76917,5707,19.45318973,9.936290844,38.41554172,16.72629617,4.459459459,4.504504505,4.481981982,,,,,,,,,,,
93,11,3,681063,52637,16,9.201229176,1.946666255,36.402576,6.022695111,5.96031746,6,5.98015873,,,,,,,,,,,
94,35,65,341105,318267,12160,34.92913991,5.871408307,63.38272211,14.64807276,3.82,3.73,3.775,,,,,,,,,,,
95,10,3,599628,42552,103,36.9480124,138.8085763,46.21753719,5.499936208,5.132075472,5.471698113,5.301886792,,,,,,,,,,,
96,1,2,863974,9224,1579,30.55260954,20.55355587,62.54677886,5.915177073,6.323529412,6.362745098,6.343137255,,,,,,,,,,,
97,2,37,8413,108100,151,60.24340273,15.82513212,36.17513866,5.21529248,4.852631579,5.084210526,4.968421053,,,,,,,,,,,
98,1,1,1587697,8910,25759,35.72055212,24.7258665,47.81516254,9.265644882,5.540540541,5.747747748,5.644144144,,,,,,,,,,,
99,2,2,1463416,11215,214,23.24587795,9.904515473,30.43970634,8.445215824,4.104347826,4.339130435,4.22173913,,,,,,,,,,,
100,63,10,516715,73719,20143,32.45326787,49.26010434,44.7063389,9.824344339,5.183486239,5.339449541,5.26146789,,,,,,,,,,,
101,13,9,94289,34875,1327,61.96985118,15.13596421,71.72922151,4.158852175,5.443708609,5.364238411,5.40397351,,,,,,,,,,,
102,7,8,381682,57781,7963,98.28970943,25.04458165,65.26763634,5.178114906,4.12244898,4.387755102,4.255102041,,,,,,,,,,,
103,8,4,632281,71807,11770,62.81943224,32.75974274,64.25084993,6.553480911,5.805084746,5.855932203,5.830508475,,,,,,,,,,,
104,2,9,1195884,104441,4081,17.89499219,26.0790858,25.97359814,8.974520464,4.814814815,4.833333333,4.824074074,,,,,,,,,,,
105,2,2,1515220,32092,15304,89.80305601,15.05348145,38.20586026,9.033492047,4.584,4.624,4.604,,,,,,,,,,,
106,1,1,738920,18210,925,26.49559025,21.36834117,48.232864,5.128065642,5.178571429,5.508928571,5.34375,,,,,,,,,,,
107,24,23,470323,244116,16,18.48400828,8.071383618,44.49773342,10.00979056,4.694214876,4.785123967,4.739669421,,,,,,,,,,,
108,1,2,643072,37594,4822,98.38647717,18.59119914,118.4944136,6.10790076,3.269230769,3.663461538,3.466346154,,,,,,,,,,,
109,2,1,1095957,21378,10519,35.8287262,12.22968102,71.45268752,7.244087614,6.105769231,6.25,6.177884615,,,,,,,,,,,
110,3,4,2026950,38507,1039,45.13495152,60.61086596,63.54065488,12.06362589,6.097826087,6.065217391,6.081521739,,,,,,,,,,,
111,23,29,478953,229754,8728,56.43529592,7.608714554,74.9312276,11.26787449,5.576271186,5.63559322,5.605932203,,,,,,,,,,,
112,8,15,93241,70100,3235,29.76356483,19.11369819,46.99670128,4.401667085,5.592920354,5.761061947,5.67699115,,,,,,,,,,,
113,16,19,390714,272408,307,22.94992357,7.77807231,47.33741388,9.280491201,4.640350877,4.771929825,4.706140351,,,,,,,,,,,
114,5,4,31555,64954,712,15.90378865,3.409994343,34.7743132,2.905970588,5.043859649,5.228070175,5.135964912,,,,,,,,,,,
115,4,2,437627,4742,1492,64.33004485,10.02984874,90.45825228,4.605910958,4.510204082,4.520408163,4.515306122,,,,,,,,,,,
116,6,23,445505,127814,1894,178.038664,15.98110512,111.0334612,8.22142683,5.570175439,5.570175439,5.570175439,,,,,,,,,,,
117,4,2,754961,5531,1669,26.78501439,18.04282479,44.5210758,5.400626199,6.273504274,6.418803419,6.346153846,,,,,,,,,,,
118,6,10,142791,137499,2308,107.418001,48.08206039,86.47457535,5.327392304,4.8,5.145454545,4.972727273,,,,,,,,,,,
119,24,33,210651,229969,19,62.41024062,16.98532247,91.62656675,10.04945637,4.905982906,5.094017094,5,,,,,,,,,,,
122,16,18,378191,331952,397,42.77332389,22.21602685,66.73753029,10.38222684,5.630252101,5.957983193,5.794117647,,,,,,,,,,,
123,34,22,189707,347101,16,12.71631327,17.82518775,8.604539205,10.35428687,3.371428571,3.485714286,3.428571429,,,,,,,,,,,
124,16,26,968856,134357,10153,57.23327919,20.62274886,48.12223138,10.56647995,5.96460177,6.079646018,6.022123894,,,,,,,,,,,
125,13,9,497890,16062,14017,37.43159485,20.561591,40.82029381,5.43681556,4.669172932,4.872180451,4.770676692,,,,,,,,,,,
126,11,19,689564,393136,8959,131.6237313,10.0371172,97.27320329,13.18376385,6.389380531,6.371681416,6.380530973,,,,,,,,,,,
127,23,4,971625,152261,5359,68.22852328,23.83076428,42.97476192,9.812230394,6.415929204,6.628318584,6.522123894,,,,,,,,,,,
128,1,0,1990043,0,34972,48.05179085,13.87500361,69.64912481,11.34180059,6.557971014,6.695652174,6.626811594,,,,,,,,,,,
129,2,15,6034,50569,757,14.40904652,24.42589176,33.33009909,2.916887893,3.310606061,3.53030303,3.420454545,,,,,,,,,,,
130,21,24,416470,262105,4423,24.13706456,5.466511326,12.89212631,9.670737467,4.333333333,4.342592593,4.337962963,,,,,,,,,,,
131,4,4,285650,63845,4513,32.22616483,18.82992547,51.34987592,4.15592455,4.210526316,4.350877193,4.280701754,,,,,,,,,,,
132,20,22,218200,173858,1264,14.19401093,6.918684427,33.45796101,7.267771139,3.023622047,3.11023622,3.066929134,,,,,,,,,,,
133,14,15,545580,366617,403,15.40735573,13.18358378,39.25112554,10.81068258,4.230769231,4.606837607,4.418803419,,,,,,,,,,,
134,6,23,110627,57728,910,19.90859971,6.182030931,52.3567192,4.551713051,5.943089431,6.113821138,6.028455285,,,,,,,,,,,
135,9,23,176667,162241,1720,16.3106687,16.03363502,39.4922252,6.462338902,4.110091743,4.504587156,4.30733945,,,,,,,,,,,
136,7,9,265324,55654,1651,12.90704444,4.56628953,25.55479576,4.295224472,4.537735849,4.575471698,4.556603774,,,,,,,,,,,
137,12,46,509749,228653,15271,103.9098929,79.51370226,102.5878278,11.32402399,3.99137931,4.301724138,4.146551724,,,,,,,,,,,
138,1,1,876880,882,5767,29.556344,26.67114446,54.67872452,5.657637233,5.596774194,5.935483871,5.766129032,,,,,,,,,,,
139,1,2,793730,12916,13264,50.66806999,23.82218761,57.60724291,5.675658002,6.127118644,6.220338983,6.173728814,,,,,,,,,,,
140,6,19,503309,268073,493,14.98047027,12.65277129,41.02410938,9.230963588,4.720720721,4.783783784,4.752252252,,,,,,,,,,,
141,26,55,1056125,542252,23734,85.35077248,12.92725234,68.28991702,20.846948,5.2,5.266666667,5.233333333,,,,,,,,,,,
142,7,7,226031,32945,2611,88.74079097,8.032172558,56.42342051,4.344495355,3.422413793,3.862068966,3.642241379,,,,,,,,,,,
143,17,18,605408,42165,16,9.829893229,11.92724687,34.62117648,7.148297879,5.390909091,5.481818182,5.436363636,,,,,,,,,,,
144,26,56,212387,292205,3664,105.143348,7.469581364,64.89801887,12.74237159,6.007751938,6.162790698,6.085271318,,,,,,,,,,,
145,4,6,627289,24882,1264,59.62570334,17.53984686,67.67646145,5.796528347,4.919642857,5.107142857,5.013392857,,,,,,,,,,,
146,21,4,160776,27459,1909,22.01758067,9.799042641,23.92435429,3.951464086,5.231404959,5.157024793,5.194214876,,,,,,,,,,,
147,5,3,99545,21725,1729,19.02529399,10.19277627,21.25129464,2.439437221,5.718181818,5.609090909,5.663636364,,,,,,,,,,,
148,17,0,123235,0,6367,52.82730285,32.95476126,36.0562387,5.338715803,3.555555556,3.767676768,3.661616162,,,,,,,,,,,
149,2,5,491558,25493,3241,40.97815995,34.57569924,63.80238758,4.823963312,5.350877193,5.254385965,5.302631579,,,,,,,,,,,
150,7,39,20264,157925,13609,65.34397793,6.593155777,34.98139804,7.17384019,6.663636364,6.7,6.681818182,,,,,,,,,,,
151,36,36,261702,293769,883,23.52037791,20.02508419,35.14919057,11.99784254,4.275862069,4.698275862,4.487068966,,,,,,,,,,,
152,7,40,242918,155655,16,41.14994925,5.730477608,60.44976176,8.174487933,5.373831776,5.401869159,5.387850467,,,,,,,,,,,
153,5,15,1104290,111803,4309,28.52195099,4.609362104,31.60279916,9.8516642,6,6.263565891,6.131782946,,,,,,,,,,,
154,1,0,854016,0,2188,69.78914522,4.873616237,73.33381387,5.891083867,5.854700855,5.914529915,5.884615385,,,,,,,,,,,
155,6,11,31132,20531,4,6.239276732,5.556991308,33.42368771,2.571643374,4.741935484,4.951612903,4.846774194,,,,,,,,,,,
156,5,16,433894,244014,16,38.4743538,3.266384881,61.84177796,8.660284481,4.85840708,5.238938053,5.048672566,,,,,,,,,,,
157,8,18,695628,225276,2914,32.79909031,12.1592766,63.04459494,9.724745408,4.692913386,4.834645669,4.763779528,,,,,,,,,,,
158,8,12,36358,46528,2983,26.42365483,5.536244995,30.80283318,3.452125278,4.563492063,4.928571429,4.746031746,,,,,,,,,,,
159,23,12,144598,153629,9295,150.1687904,4.868668084,67.30989264,7.120958017,5.190909091,5.436363636,5.313636364,,,,,,,,,,,
160,9,2,61569,2687,2374,80.24652478,2.383383118,18.79527024,3.077848258,6.234375,6.2265625,6.23046875,,,,,,,,,,,
161,21,16,105166,66805,6325,44.8285298,3.306035109,47.43463412,5.418699816,5.016806723,5.168067227,5.092436975,,,,,,,,,,,
162,32,18,103632,29068,1804,98.38960028,14.88859334,89.8453216,6.586139602,5.831858407,5.902654867,5.867256637,,,,,,,,,,,
163,1,4,296703,40258,928,36.75007898,20.58963618,53.50812451,3.706885063,5.443396226,5.849056604,5.646226415,,,,,,,,,,,
164,7,4,800930,40898,16,11.47568647,2.550002415,35.5412048,6.182966113,5.010204082,4.979591837,4.994897959,,,,,,,,,,,
165,9,12,99301,65565,11173,228.7997449,5.044725874,59.67545096,4.748360618,5.429752066,5.504132231,5.466942149,,,,,,,,,,,
166,12,22,187250,104588,16,74.37317367,3.061056863,119.4347755,7.208132633,5.675675676,6.252252252,5.963963964,,,,,,,,,,,
167,1,0,671886,0,11284,65.65086165,31.86614751,51.90439424,4.580986584,5.628865979,5.680412371,5.654639175,,,,,,,,,,,
168,2,20,249693,84850,1456,17.15535996,10.87524955,25.45465724,5.128063301,4.85483871,5.008064516,4.931451613,,,,,,,,,,,
169,7,9,339932,81206,3772,55.3240887,7.619282692,70.65173642,5.613415734,6.294117647,6.529411765,6.411764706,,,,,,,,,,,
170,5,17,18738,235084,16,20.86417389,21.04329104,52.04558402,6.169275896,4.904761905,5.150793651,5.027777778,,,,,,,,,,,
171,0,0,1002822,0,11392,68.71591967,9.083830896,59.63745112,6.472727186,5.504273504,5.606837607,5.555555556,,,,,,,,,,,
172,1,1,2263972,20982,13201,32.87434109,23.57165679,35.61481361,12.27815779,5.220338983,5.194915254,5.207627119,,,,,,,,,,,
173,2,9,429953,75084,3112,52.62612563,46.85469665,65.82262244,5.6615055,6.11627907,6.418604651,6.26744186,,,,,,,,,,,
174,4,25,52411,56343,6181,129.3538932,20.65926899,63.21151491,4.516259037,4.305555556,4.62037037,4.462962963,,,,,,,,,,,
175,10,14,149732,110027,5518,46.79442931,7.528325673,58.49735957,5.547453809,6.25,6.3125,6.28125,,,,,,,,,,,
176,0,0,2824000,0,25042,190.9833527,28.74111699,113.8317567,15.37828362,4.652892562,4.876033058,4.76446281,,,,,,,,,,,
177,2,8,220465,46302,4,42.07227297,12.75253705,24.49608349,3.383103305,5.464912281,5.631578947,5.548245614,,,,,,,,,,,
178,3,13,1039464,105821,13315,60.92204088,18.26879506,69.99285788,9.154839079,5.610619469,5.469026549,5.539823009,,,,,,,,,,,
179,2,4,331189,93383,4,52.7137564,11.77662045,29.08642514,4.476748755,4.304347826,4.601449275,4.452898551,,,,,,,,,,,
180,9,24,669552,277959,6724,174.4886984,8.609413069,142.9653732,11.84034273,5.15503876,5.480620155,5.317829457,,,,,,,,,,,
181,21,3,334951,26668,1168,21.63048182,3.079993303,41.21409786,4.942616887,4.6640625,4.9375,4.80078125,,,,,,,,,,,
182,1,12,124298,68200,4,9.826354092,19.86912255,34.07891319,3.617880799,5.564516129,6.088709677,5.826612903,,,,,,,,,,,
183,11,57,555023,141549,27100,235.1782681,8.39715502,136.0808071,11.95405046,4.631067961,4.883495146,4.757281553,,,,,,,,,,,
184,1,0,486200,0,2977,51.40421452,33.28873642,60.19391021,3.85781683,5.942622951,6.008196721,5.975409836,,,,,,,,,,,
185,5,9,105015,63791,3094,191.9284155,29.55546889,125.2737633,4.451321872,3.71875,4.010416667,3.864583333,,,,,,,,,,,
186,9,28,73033,111398,4,84.02257567,4.689841186,69.42606041,6.067990762,5.538461538,5.752136752,5.645299145,,,,,,,,,,,
187,16,19,72728,317526,7954,145.4054258,6.699579795,36.22511139,8.405311615,4.393939394,4.621212121,4.507575758,,,,,,,,,,,
188,3,6,409161,30095,5860,127.9083092,32.99369517,141.4788065,5.430460362,5.975806452,5.919354839,5.947580645,,,,,,,,,,,
189,8,1,392242,450,2671,29.66306716,12.29902556,61.80463989,3.989941046,6.223140496,6.289256198,6.256198347,,,,,,,,,,,
190,12,22,91093,70463,3415,24.92467078,13.29217501,49.62685593,4.917281995,4.362831858,4.575221239,4.469026549,,,,,,,,,,,
191,0,5,21,73936,16,79.19464561,13.58034309,99.85190291,3.35803046,3.211382114,3.642276423,3.426829268,,,,,,,,,,,
192,3,1,971674,1390,1585,78.49870871,5.833122754,77.81281877,6.794286765,5.321100917,5.587155963,5.45412844,,,,,,,,,,,
193,9,11,115678,50222,103,30.77890909,4.817797899,48.06202718,4.147151395,3.983050847,4.169491525,4.076271186,,,,,,,,,,,
194,8,6,891041,29360,5470,137.2247293,11.83118847,100.8020043,7.695474226,5.145631068,5.300970874,5.223300971,,,,,,,,,,,
195,6,0,881538,0,3553,102.7117119,16.88757093,84.46107569,6.323472659,5.327272727,5.490909091,5.409090909,,,,,,,,,,,
196,20,35,212284,386967,4507,73.78713694,3.444887928,68.83301485,12.17093084,5.075862069,5.172413793,5.124137931,,,,,,,,,,,
197,25,12,551387,150087,4840,26.798834,3.723321881,51.06181648,8.462180553,4.893442623,4.868852459,4.881147541,,,,,,,,,,,
198,1,0,697200,0,3466,80.6827102,6.702953634,108.1057737,5.486076976,5.897435897,5.957264957,5.927350427,,,,,,,,,,,
199,2,15,6158,118075,130,14.16616261,3.315948148,15.86039575,4.063276167,4.885714286,5.028571429,4.957142857,,,,,,,,,,,
200,1,2,311406,14002,4,18.56252476,2.935117011,43.59352832,3.038601002,6.508928571,6.473214286,6.491071429,,,,,,,,,,,
201,5,6,367970,32695,8827,96.38908695,28.31606611,75.0118926,4.699931222,6.085470085,6.256410256,6.170940171,,,,,,,,,,,
202,30,30,253450,551936,16,29.87240323,2.974399278,71.48270933,14.76546566,4.726495726,4.829059829,4.777777778,,,,,,,,,,,
203,36,12,254206,358148,217,35.36260141,6.175705766,77.02520561,11.45598672,3.470588235,3.823529412,3.647058824,,,,,,,,,,,
204,1,2,902689,50345,2917,28.56481701,29.32329042,43.96203963,6.500728246,5,4.983471074,4.991735537,,,,,,,,,,,
205,14,21,154179,107142,8662,73.37155028,17.32501995,72.69223748,6.18741903,5.557377049,5.81147541,5.68442623,,,,,,,,,,,
206,13,6,453941,55723,3643,49.46676968,7.996464297,33.05392546,5.390038723,4.99009901,5.386138614,5.188118812,,,,,,,,,,,
207,1,2,2199706,6842,1387,30.32393022,8.830545214,37.54852065,11.96322304,5.521008403,5.672268908,5.596638655,,,,,,,,,,,
208,0,0,2003778,0,4630,28.60612753,11.74259793,57.90210899,10.95882529,5.233333333,5.608333333,5.420833333,,,,,,,,,,,
209,7,6,815254,69217,3751,92.9246514,12.83742507,79.15203974,7.577255646,5.105263158,5.359649123,5.23245614,,,,,,,,,,,
210,13,31,464162,301084,16,25.06683122,7.022901387,60.3780861,11.02174035,5.203703704,5.027777778,5.115740741,,,,,,,,,,,
211,0,0,2003778,0,15631,82.68822394,14.8833846,88.70361475,11.43996137,5.177419355,5.201612903,5.189516129,,,,,,,,,,,
212,13,23,320703,236947,10063,154.4479149,8.833205715,97.26831907,9.608531213,4.974358974,5.384615385,5.179487179,,,,,,,,,,,
213,5,15,94014,247235,19,121.7993512,2.837029281,52.92680697,7.001213404,4.949579832,5.12605042,5.037815126,,,,,,,,,,,
214,29,4,1355411,77664,15643,24.60315164,5.908911689,40.33885335,11.12597269,2.212121212,2.353535354,2.282828283,,,,,,,,,,,
215,2,4,345965,32041,160,35.87125985,32.01084771,42.29599637,3.758569783,5.170940171,5.632478632,5.401709402,,,,,,,,,,,
216,1,1,468437,1338,2893,25.07007804,6.498155543,52.20228276,4.101996776,5.517241379,5.793103448,5.655172414,,,,,,,,,,,
217,0,17,72476,295639,274,5.340687882,29.97285811,15.21908137,7.391656228,3.376146789,3.633027523,3.504587156,,,,,,,,,,,
218,10,2,1651737,24629,31597,128.0042814,39.28377623,92.05283106,11.16279989,4.041666667,4.366666667,4.204166667,,,,,,,,,,,
219,34,15,512940,118094,16,18.45840971,3.034007617,38.54722628,8.29837717,4.935779817,5.229357798,5.082568807,,,,,,,,,,,
220,1,0,1512940,0,14446,30.94595982,19.99050498,16.42825513,8.213342775,4.576271186,4.881355932,4.728813559,,,,,,,,,,,
221,1,0,912494,0,5365,57.98003243,41.51530508,77.96859178,6.002973435,4.212962963,4.62037037,4.416666667,,,,,,,,,,,
222,17,17,547420,162264,10642,43.63077697,16.03518864,44.11824558,8.50477295,4.076271186,4.313559322,4.194915254,,,,,,,,,,,
223,5,7,1075893,109292,20758,59.70362905,12.78332421,82.68453811,9.670547766,5.72,5.8,5.76,,,,,,,,,,,
224,149,47,826905,144923,13645,27.72783724,11.5930945,31.06601896,21.1553918,4.631147541,4.737704918,4.68442623,,,,,,,,,,,
225,1,3,344833,6246,130,89.09633269,22.1563551,89.8222843,3.819815963,2.5,2.657407407,2.578703704,,,,,,,,,,,
226,2,2,653649,36698,2374,47.43796058,24.80681923,65.0256391,5.31173283,3.681034483,4.224137931,3.952586207,,,,,,,,,,,
227,5,3,2022423,21555,97,153.7865144,24.04333887,131.8186693,12.5391035,5.763636364,5.745454545,5.754545455,,,,,,,,,,,
228,1,0,2076156,0,24907,21.37387776,6.820331358,38.23444896,11.29283136,5.87394958,5.756302521,5.81512605,,,,,,,,,,,
229,4,2,1685839,18992,20752,79.86356164,25.99156688,57.12871374,10.10022216,6.191666667,6.125,6.158333333,,,,,,,,,,,
230,27,15,797165,77883,9520,15.99485527,13.30531214,33.619386,8.69272562,3.902439024,3.983739837,3.943089431,,,,,,,,,,,
231,7,20,867951,134893,12283,55.69720945,5.198687438,14.9520101,9.168083138,5.112068966,5.137931034,5.125,,,,,,,,,,,
232,1,0,576875,0,1069,66.23149266,1.801896562,55.03254959,4.819339156,5.28,5.416,5.348,,,,,,,,,,,
233,26,33,122205,143136,8278,94.65206722,38.89622119,66.08535042,8.734095746,5.959183673,6.265306122,6.112244898,,,,,,,,,,,
234,3,9,134761,49251,3814,152.5890311,9.307515823,58.37874779,3.620074906,4.470588235,4.81512605,4.642857143,,,,,,,,,,,
235,1,3,590486,24769,178,78.52153651,25.63881753,80.61434017,5.233249384,5.019230769,5.317307692,5.168269231,,,,,,,,,,,
236,24,19,433602,115948,2116,22.50118579,13.79738313,52.85162063,8.436458482,6.091743119,6.28440367,6.188073394,,,,,,,,,,,
237,8,17,127001,380119,16,22.10256684,4.714073627,40.37499413,9.071304378,4.991735537,5.438016529,5.214876033,,,,,,,,,,,
238,15,13,533137,83312,358,34.30952456,11.96126237,51.66302743,6.93207446,5.227642276,5.577235772,5.402439024,,,,,,,,,,,
239,16,7,278961,115905,2398,212.0624865,204.9578968,116.6553637,6.68881706,3.782258065,4.25,4.016129032,,,,,,,,,,,
240,2,1,2583184,2407,13855,149.163469,5.462401777,125.4216455,14.92564095,5.3828125,5.3984375,5.390625,,,,,,,,,,,
241,1,0,601917,0,4390,9.989485849,12.56597697,32.01962403,4.190182995,5.418803419,5.675213675,5.547008547,,,,,,,,,,,
242,4,11,54449,128261,4,30.49822737,18.90287831,35.86973252,4.223690972,5.686956522,5.834782609,5.760869565,,,,,,,,,,,
243,4,3,690544,40263,3586,48.07044633,55.52823174,65.50391427,5.781311678,5.595041322,5.834710744,5.714876033,,,,,,,,,,,
244,17,17,94689,246158,16,7.416087931,3.323296678,20.64830822,7.303962511,5.254716981,5.650943396,5.452830189,,,,,,,,,,,
245,9,29,229759,336845,2218,15.15201305,11.67780447,43.46170477,9.598118132,4.480314961,4.68503937,4.582677165,,,,,,,,,,,
246,46,26,909620,331645,38359,41.97220467,13.66693137,55.69885617,15.68674104,3.762886598,3.793814433,3.778350515,,,,,,,,,,,
247,5,9,155291,122153,4,7.589463109,6.649221416,25.19738134,4.480971116,5.336134454,5.462184874,5.399159664,,,,,,,,,,,
248,5,15,2189625,120570,94,26.08032667,18.6428896,56.17175946,14.95965821,5.564885496,5.496183206,5.530534351,,,,,,,,,,,
249,1,0,642000,0,343,37.58614349,11.59292439,73.45511963,4.732154056,4.868421053,5.228070175,5.048245614,,,,,,,,,,,
250,6,7,1784854,15096,15529,45.39782704,63.96202754,54.72556183,10.99947595,5.289256198,5.595041322,5.44214876,,,,,,,,,,,
251,8,13,143533,84206,1141,40.6497194,11.69346249,39.78107186,4.506511039,5.05511811,5.440944882,5.248031496,,,,,,,,,,,
252,22,22,783085,85046,5482,29.99028148,11.74878009,61.09672669,9.326134929,5.606060606,5.757575758,5.681818182,,,,,,,,,,,
253,1,0,468958,0,8491,61.61376253,33.95722274,62.05546796,3.958150872,5.810526316,5.968421053,5.889473684,,,,,,,,,,,
254,8,10,145309,64511,1444,8.846246354,2.09559618,17.84319616,3.772840089,4.451851852,4.651851852,4.551851852,,,,,,,,,,,
255,3,13,370801,69271,3955,39.08532159,13.92296524,50.32649495,5.335163527,4.572649573,4.700854701,4.636752137,,,,,,,,,,,
256,4,2,889867,20166,16,8.807213567,1.716089064,33.3817404,6.029966121,5.573913043,5.686956522,5.630434783,,,,,,,,,,,
257,3,7,581644,141919,964,81.08154682,30.32134926,67.36074965,7.194266518,6.204724409,6.181102362,6.192913386,,,,,,,,,,,
258,1,42,5512,263924,4306,38.44607118,27.53374041,41.46544601,7.767027881,5.913793103,5.99137931,5.952586207,,,,,,,,,,,
259,2,0,2680000,0,6994,72.94921679,4.268333046,90.26838657,14.88709438,5.562962963,5.814814815,5.688888889,,,,,,,,,,,
260,2,4,465632,17854,8179,71.44015274,13.49675747,40.19776453,4.115644442,5.88034188,6.111111111,5.995726496,,,,,,,,,,,
261,17,4,600230,47053,16,27.51755004,29.95511024,54.41135458,6.40861645,2.959349593,3.536585366,3.24796748,,,,,,,,,,,
262,6,3,594946,5172,6634,44.56390625,35.88756162,64.72978259,5.03560214,3.448275862,3.482758621,3.465517241,,,,,,,,,,,
263,21,36,429124,222176,20041,138.1298808,15.7174064,56.25377435,10.34770837,5.8,6.00952381,5.904761905,,,,,,,,,,,
264,10,8,262724,28613,1630,40.88988113,3.35379833,82.78003697,4.691484018,4.875,5.221153846,5.048076923,,,,,,,,,,,
265,35,28,1002637,339456,2050,27.00556571,8.342419165,60.09393919,15.07504343,5.314516129,5.580645161,5.447580645,,,,,,,,,,,
266,1,2,731352,17355,91,68.13991905,4.781307579,29.69923024,5.292374348,5.837398374,6.089430894,5.963414634,,,,,,,,,,,
267,31,52,161983,340953,16,14.70921117,5.076402321,37.79420124,12.6316,4.827956989,5.043010753,4.935483871,,,,,,,,,,,
268,7,6,235337,88043,2134,15.24134938,14.63080083,40.29008318,4.46345711,4.762295082,4.991803279,4.87704918,,,,,,,,,,,
269,2,1,598852,23374,9466,22.90609552,15.84231863,37.28566131,4.863856822,6.285714286,6.410714286,6.348214286,,,,,,,,,,,
270,2,3,591725,21020,9586,132.5449684,33.66247461,55.27090708,4.756165263,5.819444444,5.986111111,5.902777778,,,,,,,,,,,
271,3,7,10181,75125,196,36.39893818,6.986761725,69.86137726,3.378362661,4.579831933,4.991596639,4.785714286,,,,,,,,,,,
272,6,5,297941,16389,673,129.8936144,3.78189549,65.02046122,4.179711797,4.485148515,4.673267327,4.579207921,,,,,,,,,,,
273,9,22,115889,259887,157,33.49746481,9.320107226,73.59405995,7.896809209,4.757575758,4.954545455,4.856060606,,,,,,,,,,,
274,1,0,597040,0,11503,118.4943886,36.71848388,117.0939049,5.064205357,3.301075269,3.52688172,3.413978495,,,,,,,,,,,
275,22,30,332387,538988,16,161.7614761,3.349563062,108.2378992,14.79867009,5.166666667,5.574074074,5.37037037,,,,,,,,,,,
276,6,5,1980396,143279,11578,11.28180937,6.041005836,26.63964267,13.68857305,5.163934426,5.049180328,5.106557377,,,,,,,,,,,
277,33,39,471303,159419,24364,189.4165552,7.200499793,77.60198742,11.389268,6.472868217,6.434108527,6.453488372,,,,,,,,,,,
278,2,6,177321,161752,64,32.52048933,4.947642726,50.07041533,4.96389821,5.383838384,5.555555556,5.46969697,,,,,,,,,,,
279,36,38,249835,363921,18892,43.25171863,11.07384155,74.2783271,13.12955217,4.451327434,4.716814159,4.584070796,,,,,,,,,,,
280,1,0,744399,0,538,13.24705821,3.181625175,23.1983952,5.011454158,4.3,4.675,4.4875,,,,,,,,,,,
281,3,9,1126452,64148,3751,41.10262871,12.11965328,72.22614953,8.673441143,4.481481481,4.388888889,4.435185185,,,,,,,,,,,
282,8,23,95249,89153,3181,58.47360794,3.638015258,81.01539085,6.081814794,4.764705882,5.067226891,4.915966387,,,,,,,,,,,
283,36,6,1102105,163893,11281,24.00212919,21.80824961,61.47121303,11.99684669,5.260869565,5.373913043,5.317391304,,,,,,,,,,,
284,14,24,141863,252064,16,11.69587919,0.888543414,41.12538395,8.08289615,3.568,3.8,3.684,,,,,,,,,,,
285,1,0,1743240,0,13183,51.66259947,17.75254612,50.42326633,9.676391171,5.540540541,5.495495495,5.518018018,,,,,,,,,,,
286,15,24,282382,207889,2002,18.50548623,17.38314967,30.41005502,8.231442166,5.344537815,5.680672269,5.512605042,,,,,,,,,,,
287,1,11,95022,86048,9757,88.70436943,23.31472161,51.29297462,3.77825951,6.581967213,6.532786885,6.557377049,,,,,,,,,,,
288,13,27,309294,79723,2320,60.9390025,15.92517079,85.3376165,7.042104252,5.899159664,6.016806723,5.957983193,,,,,,,,,,,
289,51,29,290679,102044,15304,41.08168385,18.54801105,48.28798801,9.482736343,5.378378378,5.837837838,5.608108108,,,,,,,,,,,
290,7,7,140349,52147,397,10.98139815,20.9141242,30.7236633,3.360842891,5.427350427,5.64957265,5.538461538,,,,,,,,,,,
291,14,12,353018,60492,832,34.86795573,9.485700612,40.54193492,6.184308179,5.140495868,5.487603306,5.314049587,,,,,,,,,,,
292,12,10,1031619,104539,6676,54.47416629,14.15319972,88.7741461,9.53438928,5.708333333,5.65625,5.682291667,,,,,,,,,,,
293,1,1,2862000,238,31156,159.2241683,18.05479493,133.0067485,16.18841138,5.881355932,6.203389831,6.042372881,,,,,,,,,,,
294,10,23,39834,55728,4,47.04794833,2.696269801,24.86302253,4.590454594,6.426086957,6.530434783,6.47826087,,,,,,,,,,,
295,34,7,565113,45393,18439,58.24305126,10.69501834,56.20375295,8.081356693,5.3,5.569230769,5.434615385,,,,,,,,,,,
296,29,23,773480,167871,22684,19.72675124,14.23111762,21.25870837,10.82909161,4.561403509,4.789473684,4.675438596,,,,,,,,,,,
297,1,5,521287,14836,1624,29.90363357,3.757706835,40.30071021,4.599964928,5.61682243,5.644859813,5.630841121,,,,,,,,,,,
298,5,29,479975,302444,16,24.28032248,0.789425282,71.64753999,10.36423338,5.328,5.432,5.38,,,,,,,,,,,
299,2,6,1645824,19004,12316,26.84508142,48.0967498,42.60741963,9.851822955,6.2,6.263636364,6.231818182,,,,,,,,,,,
300,4,28,29626,190125,1846,51.30823351,20.71373607,68.25509168,6.669782471,5.301075269,5.720430108,5.510752688,,,,,,,,,,,
301,23,34,261632,119723,727,79.24099192,15.45619536,53.4633019,7.96731829,5.433070866,5.748031496,5.590551181,,,,,,,,,,,
302,7,7,1986933,46382,49,41.91083641,31.3132489,64.27863515,12.49106874,6.05511811,6.181102362,6.118110236,,,,,,,,,,,
303,7,20,174633,32487,442,40.77752533,3.554835476,49.07418775,4.491973464,5.675,5.925,5.8,,,,,,,,,,,
304,49,12,912823,28143,6265,42.80413455,3.34363573,52.18361801,10.80481003,5.339449541,5.311926606,5.325688073,,,,,,,,,,,
305,50,15,1076463,45974,4534,30.57155783,4.662831667,47.90962958,12.07613466,5.205607477,5.280373832,5.242990654,,,,,,,,,,,
306,46,20,823075,88664,4858,33.53822618,8.165550373,54.26460008,11.36534904,5.100840336,5.521008403,5.31092437,,,,,,,,,,,
307,8,11,1660940,15863,15880,52.89663376,29.85597082,83.6291217,10.87475576,5.140495868,5.198347107,5.169421488,,,,,,,,,,,
308,3,22,817132,82842,8779,183.657989,2.985813897,65.17225817,8.98443329,6.394736842,6.675438596,6.535087719,,,,,,,,,,,
309,16,21,499036,205069,5569,130.1855824,17.94247429,48.76008181,9.080591609,6.315315315,6.297297297,6.306306306,,,,,,,,,,,
310,15,12,686499,23853,1750,15.60016181,26.48617178,34.64424003,6.846959855,4.740384615,4.586538462,4.663461538,,,,,,,,,,,
311,13,25,475792,546726,16,16.02334023,16.77239644,35.21554434,14.11782255,5.745614035,5.921052632,5.833333333,,,,,,,,,,,
312,17,10,2121583,61933,13972,73.5797908,21.51177628,73.44438669,14.50731198,5.8,5.869565217,5.834782609,,,,,,,,,,,
313,1,1,887760,35844,3088,69.04984579,6.894846796,87.73642762,6.666936682,5.155172414,5.387931034,5.271551724,,,,,,,,,,,
314,4,9,550113,69862,3808,27.37462907,18.09037804,45.51009676,5.678303751,5.833333333,5.968253968,5.900793651,,,,,,,,,,,
315,1,0,1930742,0,15454,44.32825531,19.89058273,54.0456205,10.82576923,5.316666667,5.641666667,5.479166667,,,,,,,,,,,
316,12,24,1499927,219397,14428,124.1903947,10.15835348,57.01056397,14.59286694,5.830508475,5.805084746,5.81779661,,,,,,,,,,,
317,6,21,1236327,201033,2107,18.86114014,10.26172019,48.34377195,11.87497586,5.440366972,5.614678899,5.527522936,,,,,,,,,,,
318,3,7,51388,138747,8710,45.91952387,12.40899903,31.0325972,4.418450998,6.347826087,6.4,6.373913043,,,,,,,,,,,
319,55,74,449918,177679,7681,25.46995547,11.07240352,51.62746819,23.19309366,4.106796117,4.766990291,4.436893204,,,,,,,,,,,
321,1,0,3119104,0,26584,47.06236585,10.17626869,29.62145642,16.00586175,4.480392157,4.852941176,4.666666667,,,,,,,,,,,
322,1,0,357296,0,4,0,0,0,2.391940336,4.072072072,4.486486486,4.279279279,,,,,,,,,,,
323,12,17,765985,97588,16672,184.2881393,56.77888151,112.9940769,8.860605999,3.73553719,4.305785124,4.020661157,,,,,,,,,,,
324,9,15,640465,42770,16,10.15574897,21.63212555,29.09173102,6.391244015,4.373913043,4.660869565,4.517391304,,,,,,,,,,,
325,12,26,818277,178351,1612,72.50809864,36.052444,63.15989978,10.98975962,5.912280702,5.736842105,5.824561404,,,,,,,,,,,
326,46,8,664530,94061,7804,55.37715562,11.77765102,42.96063521,9.579547572,5.526717557,5.580152672,5.553435115,,,,,,,,,,,
327,1,2,1021824,2551,178,58.81166667,3.82575122,75.30478629,6.633262012,6.071428571,5.883928571,5.977678571,,,,,,,,,,,
328,6,5,252172,58058,3934,32.01479265,9.943136559,28.56572237,4.033561883,5.919354839,6.016129032,5.967741935,,,,,,,,,,,
329,27,13,306600,136482,1840,36.71459852,5.479839508,53.50408816,7.72861673,5.310344828,5.353448276,5.331896552,,,,,,,,,,,
(blank),,,,,,,,,,,,0,,,,,,,,,,,
Grand Total,11.40348227,12.80701754,677437.666,103524.9743,5787.568214,55.29102294,17.14696771,57.51665117,7.836896808,5.091575378,5.264501826,5.178038602,,,,,,,,,,,
