Stimulus ID,ImageArea,TextGroup,NonTextArea,TextArea,QuadTree,Saturation,Colorfulness2,Colorfulness1,Complexity,Final Score,image_path,ImageArea_csv,TextGroup_csv,NonTextArea_csv,TextArea_csv,QuadTree_csv,Saturation_csv,Colorfulness2_csv,Colorfulness1_csv,Complexity_csv
0,3,5,675555,4537,15112,150.11880493164062,107.61347961425781,51.4698423762881,1.3488432320441988,6.228813559,c:\Users\conri\OneDrive\Desktop\AI Capstone\Methodology\Python Pipeline\training_images\0.png,0.0,0.0,1002822.0,0.0,8026.0,150.7687805,22.89196915,107.6238156,6.978466527
1,33,26,688762,6525,9757,51.9410514831543,68.00208282470703,36.934959693207475,8.741608056265985,5.846153846,c:\Users\conri\OneDrive\Desktop\AI Capstone\Methodology\Python Pipeline\training_images\1.png,4.0,1.0,1109683.0,11760.0,13888.0,53.35454179,31.46048311,67.0791525,7.289614843
2,78,99,190329,28413,11626,40.374027252197266,63.323143005371094,33.22983524117231,786.6753472222223,4.786290323,c:\Users\conri\OneDrive\Desktop\AI Capstone\Methodology\Python Pipeline\training_images\2.png,31.0,15.0,871855.0,75622.0,23476.0,40.59015838,17.75377361,63.31601884,9.836733836
3,0,1,0,721804,16384,57.588043212890625,67.3636474609375,33.09689916800724,1.385195035460993,6.690082645,c:\Users\conri\OneDrive\Desktop\AI Capstone\Methodology\Python Pipeline\training_images\3.png,6.0,13.0,118820.0,26930.0,1528.0,57.98323948,23.7153768,68.13090496,3.69283253
4,233,14,194904,13046,8680,5.939205169677734,28.139942169189453,15.173517784394322,949.1376678876679,4.159292035,c:\Users\conri\OneDrive\Desktop\AI Capstone\Methodology\Python Pipeline\training_images\4.png,13.0,28.0,46485.0,186291.0,4.0,5.97233375,4.430877922,28.61836013,6.474831821
5,0,1,0,731589,16372,27.920251846313477,17.414602279663086,11.503464314165221,1.3488432320441988,5.064814815,c:\Users\conri\OneDrive\Desktop\AI Capstone\Methodology\Python Pipeline\training_images\5.png,38.0,7.0,376735.0,84210.0,5062.0,28.70715518,13.17244075,17.69729071,7.679398193
6,156,195,36369,224104,10261,12.292452812194824,20.019798278808594,7.621621569684052,707.3601499423299,4.023809524,c:\Users\conri\OneDrive\Desktop\AI Capstone\Methodology\Python Pipeline\training_images\6.png,10.0,4.0,879849.0,13264.0,967.0,12.34048234,3.594220406,20.02157874,6.209021248
7,122,114,46849,133417,12424,14.161423683166504,26.347549438476562,11.082500885292475,821.4314778645834,4.716,c:\Users\conri\OneDrive\Desktop\AI Capstone\Methodology\Python Pipeline\training_images\7.png,78.0,6.0,1785004.0,81960.0,22135.0,14.27613267,8.205001027,25.92707133,16.51072861
8,7,55,453238,16477,10525,49.08381652832031,86.50045013427734,43.178445493373154,1.3395919067215363,5.794871795,c:\Users\conri\OneDrive\Desktop\AI Capstone\Methodology\Python Pipeline\training_images\8.png,1.0,4.0,735900.0,19452.0,868.0,48.92306746,17.79274731,86.8523393,5.770304823
9,19,1,401983,10050,9343,13.047531127929688,26.710065841674805,15.567107451609992,179.5577550415184,4.771551724,c:\Users\conri\OneDrive\Desktop\AI Capstone\Methodology\Python Pipeline\training_images\9.png,1.0,2.0,747270.0,4220.0,1729.0,13.32012928,5.550817027,26.74108988,4.777300571
10,0,1,0,756278,9301,34.69828414916992,73.1130599975586,36.021274643242876,1.3055648395721924,6.277272727,c:\Users\conri\OneDrive\Desktop\AI Capstone\Methodology\Python Pipeline\training_images\10.png,7.0,22.0,796888.0,75502.0,487.0,34.50900363,8.450100916,73.18396997,8.215947305
11,14,67,596912,51510,15367,110.92720794677734,129.49227905273438,58.47225297229294,1.2268373115577889,3.960176991,c:\Users\conri\OneDrive\Desktop\AI Capstone\Methodology\Python Pipeline\training_images\11.png,1.0,0.0,1918400.0,0.0,24721.0,111.4122538,19.03493105,129.6694657,11.52792725
12,43,56,85828,217329,11803,36.92552185058594,40.5085334777832,19.716999441305475,431.80362371888725,4.393939394,c:\Users\conri\OneDrive\Desktop\AI Capstone\Methodology\Python Pipeline\training_images\12.png,24.0,10.0,360457.0,118773.0,4762.0,37.0371125,4.716718042,40.20218285,7.085457729
13,138,60,25313,15003,8911,2.5627565383911133,13.283723831176758,5.827122428759081,915.109866621067,4.601851852,c:\Users\conri\OneDrive\Desktop\AI Capstone\Methodology\Python Pipeline\training_images\13.png,8.0,7.0,567766.0,138525.0,1459.0,2.452322479,6.807532665,13.39550331,27.98601064
14,5,3,788253,518,14473,31.89666175842285,49.75407028198242,19.478052363483204,1.244028662420382,6.0546875,c:\Users\conri\OneDrive\Desktop\AI Capstone\Methodology\Python Pipeline\training_images\14.png,8.0,16.0,201717.0,62835.0,2722.0,32.69568206,2.535514536,50.67145319,4.982058627
15,8,3,19365,679085,5695,22.538379669189453,47.88007736206055,24.29697674201129,1.3658216783216783,4.080645161,c:\Users\conri\OneDrive\Desktop\AI Capstone\Methodology\Python Pipeline\training_images\15.png,4.0,9.0,28586.0,54158.0,4.0,22.27699929,14.07440782,48.18611469,3.105094371
16,0,2,0,773413,11950,176.81405639648438,86.32064819335938,83.44911438421605,1.2765522875816993,2.802631579,c:\Users\conri\OneDrive\Desktop\AI Capstone\Methodology\Python Pipeline\training_images\16.png,11.0,24.0,54532.0,112796.0,5491.0,177.6435828,8.938930315,87.41978269,6.442547879
17,0,1,0,757804,16384,74.85317993164062,71.43201446533203,47.05979231159811,1.2424459287531808,6.312,c:\Users\conri\OneDrive\Desktop\AI Capstone\Methodology\Python Pipeline\training_images\17.png,1.0,0.0,700748.0,0.0,11680.0,74.85036105,29.42132114,71.43292849,4.953539232
18,37,110,344808,49739,13234,38.4846076965332,62.01480484008789,31.531155010450263,759.5486111111111,5.556,c:\Users\conri\OneDrive\Desktop\AI Capstone\Methodology\Python Pipeline\training_images\18.png,31.0,40.0,497416.0,336102.0,10198.0,38.61948145,22.51740242,61.15128978,15.25391419
19,43,9,359322,7192,10585,10.138459205627441,43.96763610839844,19.174600663020513,529.6816552369078,5.828828829,c:\Users\conri\OneDrive\Desktop\AI Capstone\Methodology\Python Pipeline\training_images\19.png,15.0,21.0,1113113.0,130922.0,553.0,10.25297916,2.29177208,44.37648715,10.64710202
20,42,119,8701,257802,11476,13.036172866821289,27.69900894165039,12.650528748353787,2.7431530898876404,5.945736434,c:\Users\conri\OneDrive\Desktop\AI Capstone\Methodology\Python Pipeline\training_images\20.png,5.0,7.0,1424112.0,100085.0,4330.0,13.49906334,4.041324101,27.42245479,10.31389887
21,0,1,0,740015,5362,33.74439239501953,47.761329650878906,30.560179396245204,1.3488432320441988,5.068376068,c:\Users\conri\OneDrive\Desktop\AI Capstone\Methodology\Python Pipeline\training_images\21.png,8.0,12.0,850209.0,185080.0,16.0,33.98467893,21.65634304,48.06271787,9.538085722
22,67,91,162501,62620,6736,23.600845336914062,42.969337463378906,14.860513958919812,743.7704856972586,5.978070175,c:\Users\conri\OneDrive\Desktop\AI Capstone\Methodology\Python Pipeline\training_images\22.png,4.0,12.0,474633.0,63863.0,124.0,23.60084666,8.004577733,42.96933947,5.439569169
23,1,0,709730,0,10174,20.36833381652832,1.6303597688674927,0.9562099819362927,1.3950892857142858,4.185840708,c:\Users\conri\OneDrive\Desktop\AI Capstone\Methodology\Python Pipeline\training_images\23.png,30.0,33.0,243313.0,332811.0,2350.0,20.68673171,0.868603029,1.642849411,11.1307781
24,0,1,0,803542,10477,101.74825286865234,81.06317901611328,37.63556638342504,1.234592288242731,5.080508475,c:\Users\conri\OneDrive\Desktop\AI Capstone\Methodology\Python Pipeline\training_images\24.png,12.0,8.0,176835.0,51238.0,1300.0,102.3186213,20.7945122,81.49473379,4.584560702
25,3,43,2562,864934,9829,59.61484909057617,58.34529495239258,29.984528986146614,1.127670323325635,5.220588235,c:\Users\conri\OneDrive\Desktop\AI Capstone\Methodology\Python Pipeline\training_images\25.png,4.0,8.0,554206.0,27771.0,3181.0,59.80514457,12.79177313,58.53583582,5.423107521
26,0,1,0,746594,15541,82.30911254882812,79.90489959716797,44.83782646848921,1.2600806451612903,6.197674419,c:\Users\conri\OneDrive\Desktop\AI Capstone\Methodology\Python Pipeline\training_images\26.png,0.0,0.0,1089600.0,0.0,12214.0,82.63725128,16.23804193,79.98812582,6.822415366
27,157,91,37507,64490,8005,6.626280784606934,24.099376678466797,12.209106373383769,1770.5066989737743,3.465116279,c:\Users\conri\OneDrive\Desktop\AI Capstone\Methodology\Python Pipeline\training_images\27.png,1.0,26.0,8979.0,203442.0,4.0,6.644018999,3.862437726,24.47178195,5.728000643
28,10,74,19191,346495,12490,20.863445281982422,42.30998611450195,22.302782202596692,1.3488432320441988,5.617346939,c:\Users\conri\OneDrive\Desktop\AI Capstone\Methodology\Python Pipeline\training_images\28.png,0.0,0.0,1448172.0,0.0,1375.0,21.19489398,32.0391991,42.82646477,8.064297318
29,79,24,333306,16606,10741,22.757341384887695,60.03938674926758,22.312988752079548,1100.6090442092154,4.917391304,c:\Users\conri\OneDrive\Desktop\AI Capstone\Methodology\Python Pipeline\training_images\29.png,10.0,12.0,982541.0,68145.0,25.0,22.61341603,8.626154149,60.76710596,8.592395196
30,0,1,0,699392,3514,36.24087142944336,22.83163070678711,12.79259615536295,1.4298133235724744,5.053571429,c:\Users\conri\OneDrive\Desktop\AI Capstone\Methodology\Python Pipeline\training_images\30.png,5.0,5.0,341887.0,6619.0,169.0,36.33543294,15.80968238,23.00129811,3.520915552
31,0,1,0,745211,14167,150.8865203857422,99.78314208984375,78.68019491787152,1.2699122236671,4.512931034,c:\Users\conri\OneDrive\Desktop\AI Capstone\Methodology\Python Pipeline\training_images\31.png,1.0,1.0,398622.0,16666.0,1114.0,151.950427,11.73981448,101.7678393,4.213098655
32,1,0,795800,0,10639,22.6457462310791,26.202030181884766,11.506801042567588,1.244028662420382,5.261061947,c:\Users\conri\OneDrive\Desktop\AI Capstone\Methodology\Python Pipeline\training_images\32.png,3.0,2.0,784446.0,25339.0,1036.0,29.69205619,8.553406536,40.28633309,5.925774923
33,74,182,126898,180492,12598,34.517242431640625,30.052295684814453,22.486285973517056,490.82438151041663,5.121848739,c:\Users\conri\OneDrive\Desktop\AI Capstone\Methodology\Python Pipeline\training_images\33.png,53.0,24.0,935180.0,76322.0,25489.0,34.457425,3.775541595,29.52131669,12.45229722
34,0,1,0,738229,16375,75.53271484375,64.5294189453125,37.34608179775695,1.3544556171983357,5.895652174,c:\Users\conri\OneDrive\Desktop\AI Capstone\Methodology\Python Pipeline\training_images\34.png,1.0,1.0,1100686.0,1695.0,8215.0,77.546861,24.98625032,64.68109128,6.953012168
35,1,0,808224,0,14308,179.8728485107422,86.35060119628906,58.287073612692666,1.2237625313283207,3.879844961,c:\Users\conri\OneDrive\Desktop\AI Capstone\Methodology\Python Pipeline\training_images\35.png,7.0,41.0,319829.0,215383.0,8446.0,181.2482487,163.8624105,86.41531806,9.612284418
36,7,1,1686,795532,16006,31.768217086791992,66.1849365234375,28.30696338772794,1.2330334595959598,5.785087719,c:\Users\conri\OneDrive\Desktop\AI Capstone\Methodology\Python Pipeline\training_images\36.png,13.0,22.0,111325.0,137927.0,3052.0,31.6459516,9.486821612,66.43980738,6.960107281
37,18,96,678568,17281,10207,75.8163070678711,96.40644073486328,50.380395866944994,1.2392925126903553,5.4375,c:\Users\conri\OneDrive\Desktop\AI Capstone\Methodology\Python Pipeline\training_images\37.png,1.0,2.0,1948884.0,22452.0,1126.0,76.83061012,13.28522872,97.70102676,11.81300115
38,13,100,59106,141750,7594,35.31877136230469,70.7631607055664,36.2795070436215,530.6108821733822,6.08677686,c:\Users\conri\OneDrive\Desktop\AI Capstone\Methodology\Python Pipeline\training_images\38.png,1.0,2.0,664432.0,18151.0,2902.0,35.1913125,12.44416191,69.85982263,5.139204148
39,83,141,28877,119590,10111,25.02698516845703,47.935665130615234,28.60736740583327,516.8397824536377,4.245967742,c:\Users\conri\OneDrive\Desktop\AI Capstone\Methodology\Python Pipeline\training_images\39.png,46.0,30.0,466397.0,103900.0,16690.0,25.32485388,11.2062142,46.70669101,14.56420854
40,0,1,0,879616,16162,56.19158172607422,17.275060653686523,9.910174484037881,1.131590382387022,5.929752066,c:\Users\conri\OneDrive\Desktop\AI Capstone\Methodology\Python Pipeline\training_images\40.png,17.0,9.0,464183.0,91566.0,7420.0,56.64338675,3.047043414,17.47277223,6.602761457
41,0,11,0,745192,16246,62.32499313354492,77.29056549072266,41.266623750912686,1.2715657552083333,3.902542373,c:\Users\conri\OneDrive\Desktop\AI Capstone\Methodology\Python Pipeline\training_images\41.png,18.0,9.0,482428.0,29834.0,2434.0,62.61966486,85.30996283,77.78942457,6.22637091
42,24,93,307934,62101,10498,31.61341667175293,43.68284606933594,24.45843037673967,295.9280303030303,5.4453125,c:\Users\conri\OneDrive\Desktop\AI Capstone\Methodology\Python Pipeline\training_images\42.png,6.0,4.0,1450282.0,46357.0,2401.0,31.71911685,11.46198361,44.91304816,9.658765135
43,89,40,40734,129310,9601,17.05878448486328,42.390384674072266,21.94114268310358,1066.3006756756756,6.276315789,c:\Users\conri\OneDrive\Desktop\AI Capstone\Methodology\Python Pipeline\training_images\43.png,30.0,29.0,330041.0,231143.0,2863.0,19.03769123,16.62430168,51.87919076,9.947472479
44,58,25,595627,5079,14518,31.086519241333008,50.63524627685547,25.760999506398832,1.399086676217765,5.786458333,c:\Users\conri\OneDrive\Desktop\AI Capstone\Methodology\Python Pipeline\training_images\44.png,0.0,0.0,1020816.0,0.0,160.0,31.00007445,72.94399474,51.18048045,6.32616083
45,164,43,128020,116072,11683,21.94015884399414,34.49345397949219,19.84021835906233,1092.5630179558011,2.735042735,c:\Users\conri\OneDrive\Desktop\AI Capstone\Methodology\Python Pipeline\training_images\45.png,3.0,4.0,792604.0,47089.0,1141.0,22.56449587,6.005372396,35.00794651,5.997653102
46,52,268,24289,200194,15904,21.148143768310547,48.46276092529297,23.775090145761936,1175.3538486005089,6.288793103,c:\Users\conri\OneDrive\Desktop\AI Capstone\Methodology\Python Pipeline\training_images\46.png,48.0,12.0,1788355.0,111578.0,13051.0,20.9926,17.69860049,46.8582155,15.41849562
47,34,7,760547,1071,14845,72.50580596923828,64.73023223876953,37.6347648858123,8.176958732057416,4.078125,c:\Users\conri\OneDrive\Desktop\AI Capstone\Methodology\Python Pipeline\training_images\47.png,9.0,7.0,442920.0,75282.0,6136.0,72.79327714,18.45944745,63.15455474,5.738024914
48,87,137,12936,559944,13543,48.92964172363281,55.64131546020508,27.68375525161983,1.2986203457446808,3.508,c:\Users\conri\OneDrive\Desktop\AI Capstone\Methodology\Python Pipeline\training_images\48.png,4.0,1.0,966948.0,31108.0,5320.0,49.19667518,9.259586521,56.13481093,6.950450502
49,24,9,707265,1421,15229,52.85310363769531,33.98334884643555,17.713744450658794,130.20833333333334,6.053097345,c:\Users\conri\OneDrive\Desktop\AI Capstone\Methodology\Python Pipeline\training_images\49.png,1.0,0.0,1223320.0,0.0,20731.0,69.09267292,6.619807214,46.01231407,7.42191588
50,26,76,150376,30537,6709,45.67324447631836,56.542362213134766,33.31586993065572,1.2222309136420526,6.2,c:\Users\conri\OneDrive\Desktop\AI Capstone\Methodology\Python Pipeline\training_images\50.png,4.0,16.0,251490.0,47097.0,841.0,46.07636154,10.16129512,57.05110431,4.643415737
51,107,11,97353,75485,7279,25.3944034576416,55.227638244628906,30.707617395676074,1266.4794921875,3.569444444,c:\Users\conri\OneDrive\Desktop\AI Capstone\Methodology\Python Pipeline\training_images\51.png,1.0,3.0,573648.0,28217.0,4.0,25.43268229,15.66519326,55.48326905,4.666108322
52,46,4,483796,614,11677,102.61822509765625,88.68164825439453,47.49132078807844,237.39640883977899,5.141509434,c:\Users\conri\OneDrive\Desktop\AI Capstone\Methodology\Python Pipeline\training_images\52.png,4.0,19.0,941990.0,73680.0,9313.0,103.9117621,16.76835526,89.41028689,9.428793193
53,20,39,3970,591403,6922,15.605439186096191,15.630647659301758,8.632544118221864,1.234592288242731,5.4375,c:\Users\conri\OneDrive\Desktop\AI Capstone\Methodology\Python Pipeline\training_images\53.png,5.0,17.0,1399204.0,322325.0,55.0,15.73470971,13.5668607,15.85510522,13.76123753
54,21,14,654020,2625,16369,55.660770416259766,97.92466735839844,45.80292785238217,178.11517295597483,4.663793103,c:\Users\conri\OneDrive\Desktop\AI Capstone\Methodology\Python Pipeline\training_images\54.png,2.0,16.0,541399.0,77821.0,646.0,55.49161535,6.930892211,97.89938903,6.573104112
55,18,56,2437,661169,11452,75.0707015991211,76.02861022949219,36.46333324583149,172.06101190476193,5.935897436,c:\Users\conri\OneDrive\Desktop\AI Capstone\Methodology\Python Pipeline\training_images\55.png,21.0,21.0,1558172.0,92378.0,1837.0,75.13967805,6.782371681,76.61556023,13.40000861
56,12,26,69653,121389,8038,71.38220977783203,52.8397331237793,41.474800489187395,1.1695359281437125,4.956521739,c:\Users\conri\OneDrive\Desktop\AI Capstone\Methodology\Python Pipeline\training_images\56.png,6.0,7.0,255764.0,72885.0,1468.0,60.87909448,22.75221363,45.55579783,4.422407685
57,32,48,649500,6919,10294,156.7252197265625,173.74334716796875,79.16473965770962,1.2715657552083333,5.60619469,c:\Users\conri\OneDrive\Desktop\AI Capstone\Methodology\Python Pipeline\training_images\57.png,1.0,0.0,740000.0,0.0,688.0,156.93054,19.75350394,174.8860985,6.511837283
58,106,16,31639,337580,13402,27.086341857910156,78.65885925292969,36.70873108566571,1.3108221476510067,5.114173228,c:\Users\conri\OneDrive\Desktop\AI Capstone\Methodology\Python Pipeline\training_images\58.png,0.0,0.0,880000.0,0.0,46.0,26.85538409,0.868121278,79.3465657,5.737524586
59,36,108,5737,276960,10894,42.46382522583008,62.49043273925781,29.11819355393891,476.1751033057851,6.093023256,c:\Users\conri\OneDrive\Desktop\AI Capstone\Methodology\Python Pipeline\training_images\59.png,1.0,2.0,801240.0,5748.0,3823.0,42.45562294,3.547901605,62.62020687,5.674955089
60,76,58,429789,30290,13738,52.917232513427734,59.56044387817383,29.477883139254814,8.820564516129034,5.199152542,c:\Users\conri\OneDrive\Desktop\AI Capstone\Methodology\Python Pipeline\training_images\60.png,1.0,0.0,779526.0,0.0,5479.0,52.89893019,23.00208071,59.55118031,5.313184648
62,1,0,840451,0,8452,85.01070404052734,88.3970947265625,49.03899346472654,1.1880322384428224,6.476190476,c:\Users\conri\OneDrive\Desktop\AI Capstone\Methodology\Python Pipeline\training_images\62.png,3.0,8.0,997448.0,117736.0,4783.0,83.48025213,16.36547911,88.57077574,9.129944432
63,12,4,606434,26652,16264,25.68515396118164,48.591190338134766,25.54142660440965,1.3488432320441988,5.134453782,c:\Users\conri\OneDrive\Desktop\AI Capstone\Methodology\Python Pipeline\training_images\63.png,1.0,3.0,968484.0,33608.0,55.0,25.71281491,26.07882513,49.12312871,6.894748129
64,52,53,25274,68638,9991,20.285757064819336,48.60264587402344,24.224858346847167,2030.6905110677085,3.978813559,c:\Users\conri\OneDrive\Desktop\AI Capstone\Methodology\Python Pipeline\training_images\64.png,27.0,18.0,181196.0,352690.0,6469.0,20.32115062,3.579142288,47.61304426,10.63054407
65,0,8,0,744551,16246,53.77188491821289,69.00902557373047,39.42179440976163,1.2715657552083333,3.629166667,c:\Users\conri\OneDrive\Desktop\AI Capstone\Methodology\Python Pipeline\training_images\65.png,13.0,8.0,442246.0,42538.0,1663.0,54.00661296,82.43598665,69.4788844,5.753173745
66,15,376,48130,377696,12454,30.653249740600586,62.0952262878418,32.14663089861118,864.4386574074074,4.538888889,c:\Users\conri\OneDrive\Desktop\AI Capstone\Methodology\Python Pipeline\training_images\66.png,10.0,11.0,937556.0,72368.0,6301.0,30.83257464,20.12122027,62.13648346,8.351263077
67,1,0,772118,0,12547,97.18611907958984,87.19015502929688,46.11258473136535,1.2715657552083333,3.529166667,c:\Users\conri\OneDrive\Desktop\AI Capstone\Methodology\Python Pipeline\training_images\67.png,26.0,24.0,531819.0,698769.0,17857.0,96.48594667,20.24531214,86.18174578,17.90459716
69,0,1,0,871109,9775,51.763641357421875,24.126083374023438,20.53872823346264,1.1435158079625292,4.714285714,c:\Users\conri\OneDrive\Desktop\AI Capstone\Methodology\Python Pipeline\training_images\69.png,27.0,35.0,201223.0,276155.0,1756.0,53.74329496,20.48605385,24.24146085,10.43782325
70,26,3,3600,640146,9445,91.29420471191406,95.20459747314453,55.81053292604715,135.56394601542416,3.108333333,c:\Users\conri\OneDrive\Desktop\AI Capstone\Methodology\Python Pipeline\training_images\70.png,1.0,1.0,911424.0,9438.0,2113.0,91.26001276,37.06715718,95.40083615,6.441042678
71,174,35,200541,20369,11623,21.86269760131836,42.91567611694336,21.79230675815321,673.9656690140845,4.43,c:\Users\conri\OneDrive\Desktop\AI Capstone\Methodology\Python Pipeline\training_images\71.png,24.0,7.0,430156.0,16852.0,3109.0,21.82867243,21.97103922,42.86910838,5.471304691
72,90,203,276512,46856,12469,43.02527618408203,65.06192016601562,31.858428093176272,380.7907640515222,5.47008547,c:\Users\conri\OneDrive\Desktop\AI Capstone\Methodology\Python Pipeline\training_images\72.png,3.0,2.0,1512630.0,44170.0,16606.0,43.89672291,19.93962565,66.59021298,9.702186358
73,1,1,802112,111,7021,201.81175231933594,146.925048828125,43.93345705819077,1.234592288242731,5.564393939,c:\Users\conri\OneDrive\Desktop\AI Capstone\Methodology\Python Pipeline\training_images\73.png,5.0,1.0,2338474.0,4059.0,24118.0,201.9536772,7.036338465,147.4225649,14.35799728
74,0,1,0,835796,8791,55.1522331237793,52.0463981628418,25.97743776495637,1.1923840048840049,5.225,c:\Users\conri\OneDrive\Desktop\AI Capstone\Methodology\Python Pipeline\training_images\74.png,13.0,36.0,72059.0,167023.0,691.0,55.39054132,36.77463525,52.41485853,7.837774157
75,8,66,1946,577638,12850,23.20146369934082,26.16670799255371,12.860123344520488,1.3488432320441988,5.894957983,c:\Users\conri\OneDrive\Desktop\AI Capstone\Methodology\Python Pipeline\training_images\75.png,26.0,20.0,338004.0,130179.0,3031.0,23.29200396,16.94246515,26.23733287,8.031451333
76,7,1,757322,875,15721,57.43208694458008,46.89221954345703,28.10220995714787,1.2633408796895214,5.46460177,c:\Users\conri\OneDrive\Desktop\AI Capstone\Methodology\Python Pipeline\training_images\76.png,0.0,0.0,2118875.0,0.0,15637.0,58.660366,9.004846007,47.04255886,11.39519098
77,55,101,229711,88410,11263,57.02408981323242,75.51654815673828,50.95926022207043,230.65219267955803,5.072649573,c:\Users\conri\OneDrive\Desktop\AI Capstone\Methodology\Python Pipeline\training_images\77.png,21.0,14.0,651249.0,18087.0,4114.0,56.99856623,15.44116441,75.60069673,7.326666795
78,74,196,620661,33470,16117,158.09095764160156,142.99237060546875,66.41380774262223,2.8596266471449487,5.579831933,c:\Users\conri\OneDrive\Desktop\AI Capstone\Methodology\Python Pipeline\training_images\78.png,0.0,0.0,960000.0,0.0,4159.0,158.4074104,95.36660894,143.2816299,7.089250169
79,189,53,79051,23652,5437,14.34259033203125,44.087799072265625,20.86371147910325,1117.4595771144277,4.712598425,c:\Users\conri\OneDrive\Desktop\AI Capstone\Methodology\Python Pipeline\training_images\79.png,15.0,13.0,213341.0,365325.0,16.0,14.82963263,5.633785089,44.22779683,9.361098995
80,47,8,233283,223531,10504,16.418943405151367,18.623044967651367,8.59241260673585,1.3620118549511855,4.570833333,c:\Users\conri\OneDrive\Desktop\AI Capstone\Methodology\Python Pipeline\training_images\80.png,8.0,26.0,276864.0,139807.0,16.0,14.52319309,10.0478866,18.93833363,6.665756595
81,3,48,1900,657680,12100,13.451285362243652,34.41128921508789,13.077004203478367,8.642146017699115,5.319327731,c:\Users\conri\OneDrive\Desktop\AI Capstone\Methodology\Python Pipeline\training_images\81.png,8.0,21.0,158620.0,120213.0,1399.0,13.69950003,10.40133622,35.07173153,5.569207266
82,1,0,760739,0,13510,56.896392822265625,91.61405181884766,29.126762611092396,1.3108221476510067,6.443298969,c:\Users\conri\OneDrive\Desktop\AI Capstone\Methodology\Python Pipeline\training_images\82.png,1.0,0.0,643146.0,0.0,5095.0,57.36724607,26.65107248,91.9150404,5.097287536
83,5,12,742485,2486,16213,79.66832733154297,83.72579193115234,42.872784933726734,1.2715657552083333,5.319672131,c:\Users\conri\OneDrive\Desktop\AI Capstone\Methodology\Python Pipeline\training_images\83.png,7.0,7.0,1057089.0,113878.0,20194.0,80.29809864,15.99203232,84.53916485,9.51596464
84,114,54,142286,44317,11620,25.12449836730957,49.095577239990234,21.743944158250176,1003.8027370990238,5.400793651,c:\Users\conri\OneDrive\Desktop\AI Capstone\Methodology\Python Pipeline\training_images\84.png,6.0,8.0,272851.0,86861.0,6874.0,25.04909632,12.81943046,48.21639624,4.790385031
85,49,26,36591,649654,8953,11.208183288574219,38.96221923828125,18.62682101538754,322.8956653225806,4.23015873,c:\Users\conri\OneDrive\Desktop\AI Capstone\Methodology\Python Pipeline\training_images\85.png,5.0,6.0,609508.0,35847.0,940.0,11.34537009,18.36536057,39.8666028,5.580845331
86,69,97,20649,14618,6148,7.387260437011719,17.176362991333008,10.338153110099329,1112.394765739385,4.938596491,c:\Users\conri\OneDrive\Desktop\AI Capstone\Methodology\Python Pipeline\training_images\86.png,7.0,12.0,174684.0,121396.0,2767.0,7.561414583,3.951927708,17.2447816,5.029822451
87,1,2,867915,1065,9793,18.732135772705078,43.03443145751953,24.54623228314982,1.13290313225058,5.199186992,c:\Users\conri\OneDrive\Desktop\AI Capstone\Methodology\Python Pipeline\training_images\87.png,10.0,28.0,671943.0,122192.0,16.0,18.66403348,3.826118099,43.29824595,8.483934197
88,30,134,19261,356697,12799,16.31396484375,47.699440002441406,20.290906656255416,1.234592288242731,5.745901639,c:\Users\conri\OneDrive\Desktop\AI Capstone\Methodology\Python Pipeline\training_images\88.png,25.0,24.0,337546.0,214526.0,5797.0,16.05746966,10.55697716,48.60786555,9.416804662
89,71,51,31014,383605,13156,12.888434410095215,39.56687927246094,17.573467355007068,11.111330594184576,4.7,c:\Users\conri\OneDrive\Desktop\AI Capstone\Methodology\Python Pipeline\training_images\89.png,10.0,18.0,338554.0,319621.0,2635.0,12.85630714,9.786033458,40.02981337,9.273960075
90,49,53,12734,404202,12748,13.30878734588623,41.184268951416016,18.016196013760613,1.234592288242731,5.533613445,c:\Users\conri\OneDrive\Desktop\AI Capstone\Methodology\Python Pipeline\training_images\90.png,22.0,22.0,568686.0,189006.0,2008.0,13.24427791,10.17692525,41.59217008,9.653082392
91,79,25,398852,38721,10222,31.238122940063477,61.3068733215332,31.9264040681432,671.4718444909344,5.025423729,c:\Users\conri\OneDrive\Desktop\AI Capstone\Methodology\Python Pipeline\training_images\91.png,7.0,16.0,132373.0,108221.0,1207.0,32.25561143,11.82042633,61.43064809,5.312047986
92,62,120,59281,225343,12928,16.64479637145996,30.554115295410156,16.212094205136573,520.4363567073171,4.481981982,c:\Users\conri\OneDrive\Desktop\AI Capstone\Methodology\Python Pipeline\training_images\92.png,16.0,21.0,2350638.0,76917.0,5707.0,19.45318973,9.936290844,38.41554172,16.72629617
93,6,1,1282,688441,9064,9.719285011291504,35.62177658081055,15.844731608957712,1.403107040229885,5.98015873,c:\Users\conri\OneDrive\Desktop\AI Capstone\Methodology\Python Pipeline\training_images\93.png,11.0,3.0,681063.0,52637.0,16.0,9.201229176,1.946666255,36.402576,6.022695111
94,77,306,33928,188220,12208,34.774662017822266,63.248512268066406,21.810335550551486,1058.173247167139,3.775,c:\Users\conri\OneDrive\Desktop\AI Capstone\Methodology\Python Pipeline\training_images\94.png,35.0,65.0,341105.0,318267.0,12160.0,34.92913991,5.871408307,63.38272211,14.64807276
95,3,72,1023,596467,12331,36.761627197265625,43.944305419921875,24.956251473998723,1.1923840048840049,5.301886792,c:\Users\conri\OneDrive\Desktop\AI Capstone\Methodology\Python Pipeline\training_images\95.png,10.0,3.0,599628.0,42552.0,103.0,36.9480124,138.8085763,46.21753719,5.499936208
96,43,2,141042,45154,8371,30.511287689208984,62.2429313659668,34.85270212040482,267.0709599447514,6.343137255,c:\Users\conri\OneDrive\Desktop\AI Capstone\Methodology\Python Pipeline\training_images\96.png,1.0,2.0,863974.0,9224.0,1579.0,30.55260954,20.55355587,62.54677886,5.915177073
97,0,1,0,757759,9439,60.479339599609375,35.58541488647461,20.195517290478783,1.3196790540540542,4.968421053,c:\Users\conri\OneDrive\Desktop\AI Capstone\Methodology\Python Pipeline\training_images\97.png,2.0,37.0,8413.0,108100.0,151.0,60.24340273,15.82513212,36.17513866,5.21529248
98,1,12,125,720426,16276,35.656734466552734,49.230220794677734,25.179387163044822,1.3488432320441988,5.644144144,c:\Users\conri\OneDrive\Desktop\AI Capstone\Methodology\Python Pipeline\training_images\98.png,1.0,1.0,1587697.0,8910.0,25759.0,35.72055212,24.7258665,47.81516254,9.265644882
99,4,56,834,711619,7894,23.231687545776367,30.356060028076172,23.20440850346383,1.1653490453460622,4.22173913,c:\Users\conri\OneDrive\Desktop\AI Capstone\Methodology\Python Pipeline\training_images\99.png,2.0,2.0,1463416.0,11215.0,214.0,23.24587795,9.904515473,30.43970634,8.445215824
100,41,56,10398,386574,11341,32.5787467956543,45.59623718261719,25.645434337665343,9.237753378378379,5.26146789,c:\Users\conri\OneDrive\Desktop\AI Capstone\Methodology\Python Pipeline\training_images\100.png,63.0,10.0,516715.0,73719.0,20143.0,32.45326787,49.26010434,44.7063389,9.824344339
101,5,7,724155,3004,7906,61.964176177978516,71.72869873046875,38.628578132592025,1.2715657552083333,5.40397351,c:\Users\conri\OneDrive\Desktop\AI Capstone\Methodology\Python Pipeline\training_images\101.png,13.0,9.0,94289.0,34875.0,1327.0,61.96985118,15.13596421,71.72922151,4.158852175
102,10,0,797663,0,11581,99.72062683105469,65.64197540283203,43.79380742653946,1.234592288242731,4.255102041,c:\Users\conri\OneDrive\Desktop\AI Capstone\Methodology\Python Pipeline\training_images\102.png,7.0,8.0,381682.0,57781.0,7963.0,98.28970943,25.04458165,65.26763634,5.178114906
103,6,10,1075,742975,16234,62.86777114868164,64.30322265625,34.142267324812146,1.234592288242731,5.830508475,c:\Users\conri\OneDrive\Desktop\AI Capstone\Methodology\Python Pipeline\training_images\103.png,8.0,4.0,632281.0,71807.0,11770.0,62.81943224,32.75974274,64.25084993,6.553480911
104,0,12,0,707836,16384,17.759057998657227,25.884601593017578,16.049790047215332,1.2715657552083333,4.824074074,c:\Users\conri\OneDrive\Desktop\AI Capstone\Methodology\Python Pipeline\training_images\104.png,2.0,9.0,1195884.0,104441.0,4081.0,17.89499219,26.0790858,25.97359814,8.974520464
105,41,9,554801,3498,15394,89.62266540527344,38.165855407714844,28.298019785054905,90.07823938506588,4.604,c:\Users\conri\OneDrive\Desktop\AI Capstone\Methodology\Python Pipeline\training_images\105.png,2.0,2.0,1515220.0,32092.0,15304.0,89.80305601,15.05348145,38.20586026,9.033492047
106,83,16,82754,392728,11347,25.739871978759766,46.32683181762695,19.571852729486842,418.02495503597123,5.34375,c:\Users\conri\OneDrive\Desktop\AI Capstone\Methodology\Python Pipeline\training_images\106.png,1.0,1.0,738920.0,18210.0,925.0,26.49559025,21.36834117,48.232864,5.128065642
107,124,15,73969,34181,8959,18.17672348022461,43.665748596191406,17.536164418843875,797.1938775510205,4.739669421,c:\Users\conri\OneDrive\Desktop\AI Capstone\Methodology\Python Pipeline\training_images\107.png,24.0,23.0,470323.0,244116.0,16.0,18.48400828,8.071383618,44.49773342,10.00979056
108,12,16,463083,8984,13882,98.5716323852539,118.59087371826172,85.86427145852403,236.4712859947644,3.466346154,c:\Users\conri\OneDrive\Desktop\AI Capstone\Methodology\Python Pipeline\training_images\108.png,1.0,2.0,643072.0,37594.0,4822.0,98.38647717,18.59119914,118.4944136,6.10790076
109,61,47,79657,106913,7471,35.909969329833984,72.74137115478516,36.991023233776794,584.2681623931624,6.177884615,c:\Users\conri\OneDrive\Desktop\AI Capstone\Methodology\Python Pipeline\training_images\109.png,2.0,1.0,1095957.0,21378.0,10519.0,35.8287262,12.22968102,71.45268752,7.244087614
110,66,4,9877,425902,13117,44.63526916503906,63.19658660888672,34.32128026630625,1.4091810966810967,6.081521739,c:\Users\conri\OneDrive\Desktop\AI Capstone\Methodology\Python Pipeline\training_images\110.png,3.0,4.0,2026950.0,38507.0,1039.0,45.13495152,60.61086596,63.54065488,12.06362589
111,4,30,4422,647522,9982,56.262298583984375,74.5272445678711,42.6599669348645,72.479248046875,5.605932203,c:\Users\conri\OneDrive\Desktop\AI Capstone\Methodology\Python Pipeline\training_images\111.png,23.0,29.0,478953.0,229754.0,8728.0,56.43529592,7.608714554,74.9312276,11.26787449
112,49,138,38317,294964,16069,29.297897338867188,46.20504379272461,20.947845507738673,164.2007743362832,5.67699115,c:\Users\conri\OneDrive\Desktop\AI Capstone\Methodology\Python Pipeline\training_images\112.png,8.0,15.0,93241.0,70100.0,3235.0,29.76356483,19.11369819,46.99670128,4.401667085
113,145,126,50091,99174,8014,19.493175506591797,46.719947814941406,18.75113788438546,1145.7016434892541,4.706140351,c:\Users\conri\OneDrive\Desktop\AI Capstone\Methodology\Python Pipeline\training_images\113.png,16.0,19.0,390714.0,272408.0,307.0,22.94992357,7.77807231,47.33741388,9.280491201
114,19,79,32175,61019,7027,15.553525924682617,33.980224609375,21.76835991216943,553.4252600979191,5.135964912,c:\Users\conri\OneDrive\Desktop\AI Capstone\Methodology\Python Pipeline\training_images\114.png,5.0,4.0,31555.0,64954.0,712.0,15.90378865,3.409994343,34.7743132,2.905970588
115,12,36,287421,14603,5470,64.65637969970703,90.78211975097656,49.17843050706607,1.2715657552083333,4.515306122,c:\Users\conri\OneDrive\Desktop\AI Capstone\Methodology\Python Pipeline\training_images\115.png,4.0,2.0,437627.0,4742.0,1492.0,64.33004485,10.02984874,90.45825228,4.605910958
116,3,6,1084,764034,12907,177.874755859375,110.88554382324219,56.4332642837762,43.34926017262639,5.570175439,c:\Users\conri\OneDrive\Desktop\AI Capstone\Methodology\Python Pipeline\training_images\116.png,6.0,23.0,445505.0,127814.0,1894.0,178.038664,15.98110512,111.0334612,8.22142683
117,27,34,262603,37821,7432,26.798574447631836,44.46355438232422,23.934926252252367,1.4298133235724744,6.346153846,c:\Users\conri\OneDrive\Desktop\AI Capstone\Methodology\Python Pipeline\training_images\117.png,4.0,2.0,754961.0,5531.0,1669.0,26.78501439,18.04282479,44.5210758,5.400626199
118,0,1,0,770611,16384,107.69226837158203,86.08963012695312,57.824823973833446,1.2765522875816993,4.972727273,c:\Users\conri\OneDrive\Desktop\AI Capstone\Methodology\Python Pipeline\training_images\118.png,6.0,10.0,142791.0,137499.0,2308.0,107.418001,48.08206039,86.47457535,5.327392304
119,0,3,0,799768,9313,62.47411346435547,90.99939727783203,44.66961009038512,1.2176589775561097,5.0,c:\Users\conri\OneDrive\Desktop\AI Capstone\Methodology\Python Pipeline\training_images\119.png,24.0,33.0,210651.0,229969.0,19.0,62.41024062,16.98532247,91.62656675,10.04945637
122,28,135,127956,268350,10897,42.638851165771484,66.45193481445312,34.21468919691638,652.2340506715507,5.794117647,c:\Users\conri\OneDrive\Desktop\AI Capstone\Methodology\Python Pipeline\training_images\122.png,16.0,18.0,378191.0,331952.0,397.0,42.77332389,22.21602685,66.73753029,10.38222684
123,0,1,0,702153,8773,12.516952514648438,8.386772155761719,5.870196431514575,1.3754401408450705,3.428571429,c:\Users\conri\OneDrive\Desktop\AI Capstone\Methodology\Python Pipeline\training_images\123.png,34.0,22.0,189707.0,347101.0,16.0,12.71631327,17.82518775,8.604539205,10.35428687
124,0,1,0,739399,16384,56.443973541259766,48.05815124511719,30.43693527249154,1.3488432320441988,6.022123894,c:\Users\conri\OneDrive\Desktop\AI Capstone\Methodology\Python Pipeline\training_images\124.png,16.0,26.0,968856.0,134357.0,10153.0,57.23327919,20.62274886,48.12223138,10.56647995
125,0,1,0,779594,16384,37.49738693237305,40.90521240234375,22.740877699826953,1.2715657552083333,4.770676692,c:\Users\conri\OneDrive\Desktop\AI Capstone\Methodology\Python Pipeline\training_images\125.png,13.0,9.0,497890.0,16062.0,14017.0,37.43159485,20.561591,40.82029381,5.43681556
126,6,16,733651,8457,14359,131.3467559814453,97.10150909423828,42.62310726531602,1.2715657552083333,6.380530973,c:\Users\conri\OneDrive\Desktop\AI Capstone\Methodology\Python Pipeline\training_images\126.png,11.0,19.0,689564.0,393136.0,8959.0,131.6237313,10.0371172,97.27320329,13.18376385
127,25,1,675380,114,10195,60.999576568603516,42.85097122192383,26.546313945881074,1.3250508819538669,6.522123894,c:\Users\conri\OneDrive\Desktop\AI Capstone\Methodology\Python Pipeline\training_images\127.png,23.0,4.0,971625.0,152261.0,5359.0,68.22852328,23.83076428,42.97476192,9.812230394
128,47,8,510579,2197,16075,45.4990234375,70.23461151123047,29.392380441701032,1.234592288242731,6.626811594,c:\Users\conri\OneDrive\Desktop\AI Capstone\Methodology\Python Pipeline\training_images\128.png,1.0,0.0,1990043.0,0.0,34972.0,48.05179085,13.87500361,69.64912481,11.34180059
129,78,49,40332,89584,6760,14.372726440429688,33.93770980834961,14.477862972629715,804.155501261034,3.420454545,c:\Users\conri\OneDrive\Desktop\AI Capstone\Methodology\Python Pipeline\training_images\129.png,2.0,15.0,6034.0,50569.0,757.0,14.40904652,24.42589176,33.33009909,2.916887893
130,72,75,229185,22583,9883,22.28014373779297,12.820725440979004,6.98047754036224,1.332281718963165,4.337962963,c:\Users\conri\OneDrive\Desktop\AI Capstone\Methodology\Python Pipeline\training_images\130.png,21.0,24.0,416470.0,262105.0,4423.0,24.13706456,5.466511326,12.89212631,9.670737467
131,114,59,153412,124614,14530,30.53083038330078,50.90674591064453,29.191839917751267,449.39159292035396,4.280701754,c:\Users\conri\OneDrive\Desktop\AI Capstone\Methodology\Python Pipeline\training_images\131.png,4.0,4.0,285650.0,63845.0,4513.0,32.22616483,18.82992547,51.34987592,4.15592455
132,147,39,39902,45004,8290,14.726174354553223,35.80915069580078,17.235023656594834,822.6407284768212,3.066929134,c:\Users\conri\OneDrive\Desktop\AI Capstone\Methodology\Python Pipeline\training_images\132.png,20.0,22.0,218200.0,173858.0,1264.0,14.19401093,6.918684427,33.45796101,7.267771139
133,47,7,673261,6636,14890,16.455337524414062,38.88255310058594,18.716254918595396,1.2715657552083333,4.418803419,c:\Users\conri\OneDrive\Desktop\AI Capstone\Methodology\Python Pipeline\training_images\133.png,14.0,15.0,545580.0,366617.0,403.0,15.40735573,13.18358378,39.25112554,10.81068258
134,0,4,0,699934,16303,19.862693786621094,53.04191970825195,21.460082666529594,11.08330706179067,6.028455285,c:\Users\conri\OneDrive\Desktop\AI Capstone\Methodology\Python Pipeline\training_images\134.png,6.0,23.0,110627.0,57728.0,910.0,19.90859971,6.182030931,52.3567192,4.551713051
135,177,14,118685,7467,10231,16.32305908203125,39.369022369384766,20.2916300247592,934.7483598066298,4.30733945,c:\Users\conri\OneDrive\Desktop\AI Capstone\Methodology\Python Pipeline\training_images\135.png,9.0,23.0,176667.0,162241.0,1720.0,16.3106687,16.03363502,39.4922252,6.462338902
136,164,34,231400,7151,9556,12.876484870910645,25.43503761291504,15.90288837370678,16.186118784530386,4.556603774,c:\Users\conri\OneDrive\Desktop\AI Capstone\Methodology\Python Pipeline\training_images\136.png,7.0,9.0,265324.0,55654.0,1651.0,12.90704444,4.56628953,25.55479576,4.295224472
137,111,23,314817,118969,14536,99.17748260498047,102.09161376953125,57.127810269644286,3.5425483675937124,4.146551724,c:\Users\conri\OneDrive\Desktop\AI Capstone\Methodology\Python Pipeline\training_images\137.png,12.0,46.0,509749.0,228653.0,15271.0,103.9098929,79.51370226,102.5878278,11.32402399
138,29,59,9329,625117,13543,26.196908950805664,44.587890625,24.15761042315882,1.3488432320441988,5.766129032,c:\Users\conri\OneDrive\Desktop\AI Capstone\Methodology\Python Pipeline\training_images\138.png,1.0,1.0,876880.0,882.0,5767.0,29.556344,26.67114446,54.67872452,5.657637233
139,51,89,467334,36788,16384,50.68268966674805,57.60073471069336,33.04149538190761,1.234592288242731,6.173728814,c:\Users\conri\OneDrive\Desktop\AI Capstone\Methodology\Python Pipeline\training_images\139.png,1.0,2.0,793730.0,12916.0,13264.0,50.66806999,23.82218761,57.60724291,5.675658002
140,121,168,26566,156678,8191,13.248741149902344,39.64472198486328,18.124038994038422,988.9084228824273,4.752252252,c:\Users\conri\OneDrive\Desktop\AI Capstone\Methodology\Python Pipeline\training_images\140.png,6.0,19.0,503309.0,268073.0,493.0,14.98047027,12.65277129,41.02410938,9.230963588
141,1,0,702167,0,13390,84.74031066894531,67.8968276977539,42.88141173808577,1.358223226703755,5.233333333,c:\Users\conri\OneDrive\Desktop\AI Capstone\Methodology\Python Pipeline\training_images\141.png,26.0,55.0,1056125.0,542252.0,23734.0,85.35077248,12.92725234,68.28991702,20.846948
142,0,2,0,787485,14482,88.43718719482422,57.186649322509766,47.34872098166195,11.08330706179067,3.642241379,c:\Users\conri\OneDrive\Desktop\AI Capstone\Methodology\Python Pipeline\training_images\142.png,7.0,7.0,226031.0,32945.0,2611.0,88.74079097,8.032172558,56.42342051,4.344495355
143,58,69,24265,66542,13636,9.876387596130371,33.891075134277344,15.754747721849881,316.619873046875,5.436363636,c:\Users\conri\OneDrive\Desktop\AI Capstone\Methodology\Python Pipeline\training_images\143.png,17.0,18.0,605408.0,42165.0,16.0,9.829893229,11.92724687,34.62117648,7.148297879
144,0,1,0,750487,12247,104.76513671875,64.7334976196289,32.22201747842297,1.3196790540540542,6.085271318,c:\Users\conri\OneDrive\Desktop\AI Capstone\Methodology\Python Pipeline\training_images\144.png,26.0,56.0,212387.0,292205.0,3664.0,105.143348,7.469581364,64.89801887,12.74237159
145,19,111,9670,156434,12133,59.497962951660156,66.8459701538086,34.67838570966653,1.4153079710144927,5.013392857,c:\Users\conri\OneDrive\Desktop\AI Capstone\Methodology\Python Pipeline\training_images\145.png,4.0,6.0,627289.0,24882.0,1264.0,59.62570334,17.53984686,67.67646145,5.796528347
146,0,1,0,778503,10879,22.23850440979004,23.99075698852539,14.480475771324567,1.2715657552083333,5.194214876,c:\Users\conri\OneDrive\Desktop\AI Capstone\Methodology\Python Pipeline\training_images\146.png,21.0,4.0,160776.0,27459.0,1909.0,22.01758067,9.799042641,23.92435429,3.951464086
147,0,1,0,781797,10534,19.205400466918945,21.326597213745117,12.735152741285436,1.2715657552083333,5.663636364,c:\Users\conri\OneDrive\Desktop\AI Capstone\Methodology\Python Pipeline\training_images\147.png,5.0,3.0,99545.0,21725.0,1729.0,19.02529399,10.19277627,21.25129464,2.439437221
148,0,1,0,736256,12616,52.339473724365234,35.99531555175781,18.223659976554444,1.358223226703755,3.661616162,c:\Users\conri\OneDrive\Desktop\AI Capstone\Methodology\Python Pipeline\training_images\148.png,17.0,0.0,123235.0,0.0,6367.0,52.82730285,32.95476126,36.0562387,5.338715803
149,10,253,8477,206831,11701,40.67375183105469,62.56275939941406,29.255306386802868,1.4173621190130623,5.302631579,c:\Users\conri\OneDrive\Desktop\AI Capstone\Methodology\Python Pipeline\training_images\149.png,2.0,5.0,491558.0,25493.0,3241.0,40.97815995,34.57569924,63.80238758,4.823963312
150,0,1,0,780051,12568,65.09603881835938,34.854209899902344,21.712359792821555,1.2815780839895012,6.681818182,c:\Users\conri\OneDrive\Desktop\AI Capstone\Methodology\Python Pipeline\training_images\150.png,7.0,39.0,20264.0,157925.0,13609.0,65.34397793,6.593155777,34.98139804,7.17384019
151,25,23,3641,619681,13516,23.77280044555664,34.88785934448242,15.969025842508177,178.00632911392404,4.487068966,c:\Users\conri\OneDrive\Desktop\AI Capstone\Methodology\Python Pipeline\training_images\151.png,36.0,36.0,261702.0,293769.0,883.0,23.52037791,20.02508419,35.14919057,11.99784254
152,6,1,734084,133,9865,42.496212005615234,59.292476654052734,32.13082773073658,1.3469827586206895,5.387850467,c:\Users\conri\OneDrive\Desktop\AI Capstone\Methodology\Python Pipeline\training_images\152.png,7.0,40.0,242918.0,155655.0,16.0,41.14994925,5.730477608,60.44976176,8.174487933
153,45,9,10236,628609,10777,27.959684371948242,31.369647979736328,21.982231706021373,207.14962121212122,6.131782946,c:\Users\conri\OneDrive\Desktop\AI Capstone\Methodology\Python Pipeline\training_images\153.png,5.0,15.0,1104290.0,111803.0,4309.0,28.52195099,4.609362104,31.60279916,9.8516642
154,18,0,815769,0,15847,70.22782897949219,73.52230834960938,31.082963153966553,1.1488970588235292,5.884615385,c:\Users\conri\OneDrive\Desktop\AI Capstone\Methodology\Python Pipeline\training_images\154.png,1.0,0.0,854016.0,0.0,2188.0,69.78914522,4.873616237,73.33381387,5.891083867
155,77,17,63439,3638,3988,6.2586846351623535,32.691123962402344,14.761937268893762,199.43882042253523,4.846774194,c:\Users\conri\OneDrive\Desktop\AI Capstone\Methodology\Python Pipeline\training_images\155.png,6.0,11.0,31132.0,20531.0,4.0,6.239276732,5.556991308,33.42368771,2.571643374
156,159,17,163796,10545,7432,38.27268981933594,61.618343353271484,18.757781056687655,1.3432771664374141,5.048672566,c:\Users\conri\OneDrive\Desktop\AI Capstone\Methodology\Python Pipeline\training_images\156.png,5.0,16.0,433894.0,244014.0,16.0,38.4743538,3.266384881,61.84177796,8.660284481
157,126,116,116907,40133,8527,31.959875106811523,62.88587951660156,25.835250099411642,1139.5286820480405,4.763779528,c:\Users\conri\OneDrive\Desktop\AI Capstone\Methodology\Python Pipeline\training_images\157.png,8.0,18.0,695628.0,225276.0,2914.0,32.79909031,12.1592766,63.04459494,9.724745408
158,0,2,0,787168,16384,25.849950790405273,32.00841522216797,18.464735769721702,11.08330706179067,4.746031746,c:\Users\conri\OneDrive\Desktop\AI Capstone\Methodology\Python Pipeline\training_images\158.png,8.0,12.0,36358.0,46528.0,2983.0,26.42365483,5.536244995,30.80283318,3.452125278
159,20,1,9738,829620,12922,148.3450927734375,66.89089965820312,31.32510660146506,1.1598129453681711,5.313636364,c:\Users\conri\OneDrive\Desktop\AI Capstone\Methodology\Python Pipeline\training_images\159.png,23.0,12.0,144598.0,153629.0,9295.0,150.1687904,4.868668084,67.30989264,7.120958017
160,0,1,0,855040,10444,80.427734375,18.587495803833008,13.891189909390537,1.1695359281437125,6.23046875,c:\Users\conri\OneDrive\Desktop\AI Capstone\Methodology\Python Pipeline\training_images\160.png,9.0,2.0,61569.0,2687.0,2374.0,80.24652478,2.383383118,18.79527024,3.077848258
161,2,11,7405,753758,16378,44.42914962768555,48.4431037902832,20.24051934959689,11.08330706179067,5.092436975,c:\Users\conri\OneDrive\Desktop\AI Capstone\Methodology\Python Pipeline\training_images\161.png,21.0,16.0,105166.0,66805.0,6325.0,44.8285298,3.306035109,47.43463412,5.418699816
162,27,35,616015,18745,11803,98.13899230957031,89.43147277832031,51.44754866376496,239.41532258064515,5.867256637,c:\Users\conri\OneDrive\Desktop\AI Capstone\Methodology\Python Pipeline\training_images\162.png,32.0,18.0,103632.0,29068.0,1804.0,98.38960028,14.88859334,89.8453216,6.586139602
163,14,32,281231,59919,16381,36.63251876831055,53.33498001098633,27.994271203674007,1.3090650134048258,5.646226415,c:\Users\conri\OneDrive\Desktop\AI Capstone\Methodology\Python Pipeline\training_images\163.png,1.0,4.0,296703.0,40258.0,928.0,36.75007898,20.58963618,53.50812451,3.706885063
164,98,98,47623,170251,9955,12.215444564819336,31.209718704223633,13.727764614036575,962.4094202898551,4.994897959,c:\Users\conri\OneDrive\Desktop\AI Capstone\Methodology\Python Pipeline\training_images\164.png,7.0,4.0,800930.0,40898.0,16.0,11.47568647,2.550002415,35.5412048,6.182966113
165,7,0,760892,0,14167,228.79974365234375,59.67544937133789,27.77730359516056,1.2715657552083333,5.466942149,c:\Users\conri\OneDrive\Desktop\AI Capstone\Methodology\Python Pipeline\training_images\165.png,9.0,12.0,99301.0,65565.0,11173.0,228.7997449,5.044725874,59.67545096,4.748360618
166,0,4,0,710756,6397,74.37317657470703,119.43478393554688,32.48335668744858,17.534962016574585,5.963963964,c:\Users\conri\OneDrive\Desktop\AI Capstone\Methodology\Python Pipeline\training_images\166.png,12.0,22.0,187250.0,104588.0,16.0,74.37317367,3.061056863,119.4347755,7.208132633
167,6,5,696498,2084,16327,64.52056884765625,51.45032501220703,33.37225791564192,9.441902624309392,5.654639175,c:\Users\conri\OneDrive\Desktop\AI Capstone\Methodology\Python Pipeline\training_images\167.png,1.0,0.0,671886.0,0.0,11284.0,65.65086165,31.86614751,51.90439424,4.580986584
168,0,1,0,797070,10102,17.635704040527344,24.8759822845459,11.885697139907201,8.708200636942674,4.931451613,c:\Users\conri\OneDrive\Desktop\AI Capstone\Methodology\Python Pipeline\training_images\168.png,2.0,20.0,249693.0,84850.0,1456.0,17.15535996,10.87524955,25.45465724,5.128063301
169,5,9,1953,842581,9364,55.48296356201172,71.7340316772461,33.68783758164005,1.123777330264672,6.411764706,c:\Users\conri\OneDrive\Desktop\AI Capstone\Methodology\Python Pipeline\training_images\169.png,7.0,9.0,339932.0,81206.0,3772.0,55.3240887,7.619282692,70.65173642,5.613415734
170,0,1,0,676725,14782,20.864173889160156,52.04558563232422,24.242912840434194,1.2715657552083333,5.027777778,c:\Users\conri\OneDrive\Desktop\AI Capstone\Methodology\Python Pipeline\training_images\170.png,5.0,17.0,18738.0,235084.0,16.0,20.86417389,21.04329104,52.04558402,6.169275896
171,2,4,274,700987,16318,68.2352523803711,59.41509246826172,33.83216939231481,1.3488432320441988,5.555555556,c:\Users\conri\OneDrive\Desktop\AI Capstone\Methodology\Python Pipeline\training_images\171.png,0.0,0.0,1002822.0,0.0,11392.0,68.71591967,9.083830896,59.63745112,6.472727186
172,0,1,0,854612,16378,32.34368896484375,35.32791519165039,20.173960754953697,1.1653490453460622,5.207627119,c:\Users\conri\OneDrive\Desktop\AI Capstone\Methodology\Python Pipeline\training_images\172.png,1.0,1.0,2263972.0,20982.0,13201.0,32.87434109,23.57165679,35.61481361,12.27815779
173,41,6,535060,3522,15706,52.565826416015625,65.78343963623047,35.981784237694974,7.875504032258064,6.26744186,c:\Users\conri\OneDrive\Desktop\AI Capstone\Methodology\Python Pipeline\training_images\173.png,2.0,9.0,429953.0,75084.0,3112.0,52.62612563,46.85469665,65.82262244,5.6615055
174,0,4,0,770923,16384,129.03192138671875,63.93806457519531,47.68974541718875,11.08330706179067,4.462962963,c:\Users\conri\OneDrive\Desktop\AI Capstone\Methodology\Python Pipeline\training_images\174.png,4.0,25.0,52411.0,56343.0,6181.0,129.3538932,20.65926899,63.21151491,4.516259037
175,7,151,1518,350230,12223,46.39987564086914,57.855499267578125,33.535573593390126,1.3250508819538669,6.28125,c:\Users\conri\OneDrive\Desktop\AI Capstone\Methodology\Python Pipeline\training_images\175.png,10.0,14.0,149732.0,110027.0,5518.0,46.79442931,7.528325673,58.49735957,5.547453809
176,13,8,699118,5606,15565,190.1007080078125,112.74920654296875,77.71374812840601,1.3507088520055326,4.76446281,c:\Users\conri\OneDrive\Desktop\AI Capstone\Methodology\Python Pipeline\training_images\176.png,0.0,0.0,2824000.0,0.0,25042.0,190.9833527,28.74111699,113.8317567,15.37828362
177,0,10,0,804964,6373,41.94115447998047,24.180984497070312,16.0606782456423,1.234592288242731,5.548245614,c:\Users\conri\OneDrive\Desktop\AI Capstone\Methodology\Python Pipeline\training_images\177.png,2.0,8.0,220465.0,46302.0,4.0,42.07227297,12.75253705,24.49608349,3.383103305
178,52,49,534441,32420,14572,60.76144790649414,69.66925048828125,36.70139849521892,1.3488432320441988,5.539823009,c:\Users\conri\OneDrive\Desktop\AI Capstone\Methodology\Python Pipeline\training_images\178.png,3.0,13.0,1039464.0,105821.0,13315.0,60.92204088,18.26879506,69.99285788,9.154839079
179,41,4,10682,252932,13330,52.10545349121094,28.76954460144043,15.448513784874343,41.47046232876712,4.452898551,c:\Users\conri\OneDrive\Desktop\AI Capstone\Methodology\Python Pipeline\training_images\179.png,2.0,4.0,331189.0,93383.0,4.0,52.7137564,11.77662045,29.08642514,4.476748755
180,2,27,773366,3784,16027,174.22279357910156,143.17881774902344,52.31992760126503,1.2633408796895214,5.317829457,c:\Users\conri\OneDrive\Desktop\AI Capstone\Methodology\Python Pipeline\training_images\180.png,9.0,24.0,669552.0,277959.0,6724.0,174.4886984,8.609413069,142.9653732,11.84034273
181,20,63,141952,185139,12685,21.66593360900879,41.52281188964844,21.577473107910876,386.5559895833333,4.80078125,c:\Users\conri\OneDrive\Desktop\AI Capstone\Methodology\Python Pipeline\training_images\181.png,21.0,3.0,334951.0,26668.0,1168.0,21.63048182,3.079993303,41.21409786,4.942616887
182,14,118,73340,116980,7843,9.788945198059082,33.86077880859375,15.115675563828313,8.326355054811206,5.826612903,c:\Users\conri\OneDrive\Desktop\AI Capstone\Methodology\Python Pipeline\training_images\182.png,1.0,12.0,124298.0,68200.0,4.0,9.826354092,19.86912255,34.07891319,3.617880799
183,5,6,1135,784926,5086,234.52857971191406,135.32106018066406,49.87281678650731,1.2191791510611736,4.757281553,c:\Users\conri\OneDrive\Desktop\AI Capstone\Methodology\Python Pipeline\training_images\183.png,11.0,57.0,555023.0,141549.0,27100.0,235.1782681,8.39715502,136.0808071,11.95405046
184,53,115,250977,82384,9964,50.54541778564453,59.84103775024414,28.179199205868304,27.508802816901408,5.975409836,c:\Users\conri\OneDrive\Desktop\AI Capstone\Methodology\Python Pipeline\training_images\184.png,1.0,0.0,486200.0,0.0,2977.0,51.40421452,33.28873642,60.19391021,3.85781683
185,0,2,0,786118,13105,191.98899841308594,125.88102722167969,87.12416647829642,11.08330706179067,3.864583333,c:\Users\conri\OneDrive\Desktop\AI Capstone\Methodology\Python Pipeline\training_images\185.png,5.0,9.0,105015.0,63791.0,3094.0,191.9284155,29.55546889,125.2737633,4.451321872
186,31,82,9157,511727,8107,83.9056167602539,69.00154876708984,40.926310028402284,384.1806789340102,5.645299145,c:\Users\conri\OneDrive\Desktop\AI Capstone\Methodology\Python Pipeline\training_images\186.png,9.0,28.0,73033.0,111398.0,4.0,84.02257567,4.689841186,69.42606041,6.067990762
187,1,1,196,863859,15877,145.42147827148438,36.59858703613281,41.990716489954025,1.144856389214537,4.507575758,c:\Users\conri\OneDrive\Desktop\AI Capstone\Methodology\Python Pipeline\training_images\187.png,16.0,19.0,72728.0,317526.0,7954.0,145.4054258,6.699579795,36.22511139,8.405311615
188,21,101,389044,61003,10984,127.55307006835938,141.18446350097656,56.26625065477191,9.628080985915494,5.947580645,c:\Users\conri\OneDrive\Desktop\AI Capstone\Methodology\Python Pipeline\training_images\188.png,3.0,6.0,409161.0,30095.0,5860.0,127.9083092,32.99369517,141.4788065,5.430460362
189,97,126,134344,51574,9790,29.03716468811035,61.088104248046875,31.602209809409757,222.9407387955182,6.256198347,c:\Users\conri\OneDrive\Desktop\AI Capstone\Methodology\Python Pipeline\training_images\189.png,8.0,1.0,392242.0,450.0,2671.0,29.66306716,12.29902556,61.80463989,3.989941046
190,11,161,72696,216614,11734,27.544275283813477,53.141883850097656,27.583967545608154,712.0768229166666,4.469026549,c:\Users\conri\OneDrive\Desktop\AI Capstone\Methodology\Python Pipeline\training_images\190.png,12.0,22.0,91093.0,70463.0,3415.0,24.92467078,13.29217501,49.62685593,4.917281995
191,1,0,710694,0,6301,79.00747680664062,99.61725616455078,56.67523111560782,16.44470531088083,3.426829268,c:\Users\conri\OneDrive\Desktop\AI Capstone\Methodology\Python Pipeline\training_images\191.png,0.0,5.0,21.0,73936.0,16.0,79.19464561,13.58034309,99.85190291,3.35803046
192,18,1,649994,430,14467,76.3067626953125,76.76209259033203,34.30498396857935,1.300349533954727,5.45412844,c:\Users\conri\OneDrive\Desktop\AI Capstone\Methodology\Python Pipeline\training_images\192.png,3.0,1.0,971674.0,1390.0,1585.0,78.49870871,5.833122754,77.81281877,6.794286765
193,168,37,177047,20822,8251,30.561864852905273,47.91611862182617,25.43359551659242,976.5625,4.076271186,c:\Users\conri\OneDrive\Desktop\AI Capstone\Methodology\Python Pipeline\training_images\193.png,9.0,11.0,115678.0,50222.0,103.0,30.77890909,4.817797899,48.06202718,4.147151395
194,0,1,0,729028,15685,134.55442810058594,98.34394836425781,45.764317061653664,1.3639141061452515,5.223300971,c:\Users\conri\OneDrive\Desktop\AI Capstone\Methodology\Python Pipeline\training_images\194.png,8.0,6.0,891041.0,29360.0,5470.0,137.2247293,11.83118847,100.8020043,7.695474226
195,0,2,0,711367,15085,101.68049621582031,83.50523376464844,49.5216879692613,1.367734593837535,5.409090909,c:\Users\conri\OneDrive\Desktop\AI Capstone\Methodology\Python Pipeline\training_images\195.png,6.0,0.0,881538.0,0.0,3553.0,102.7117119,16.88757093,84.46107569,6.323472659
196,24,146,221381,83345,9403,73.05781555175781,68.08222198486328,31.56150068796419,953.6321650552486,5.124137931,c:\Users\conri\OneDrive\Desktop\AI Capstone\Methodology\Python Pipeline\training_images\196.png,20.0,35.0,212284.0,386967.0,4507.0,73.78713694,3.444887928,68.83301485,12.17093084
197,44,43,33840,72279,7381,26.58348274230957,50.62385940551758,21.264303928346287,921.2599274861878,4.881147541,c:\Users\conri\OneDrive\Desktop\AI Capstone\Methodology\Python Pipeline\training_images\197.png,25.0,12.0,551387.0,150087.0,4840.0,26.798834,3.723321881,51.06181648,8.462180553
198,35,136,328772,23504,12880,80.55892181396484,107.76199340820312,33.2116194329771,177.29685212298682,5.927350427,c:\Users\conri\OneDrive\Desktop\AI Capstone\Methodology\Python Pipeline\training_images\198.png,1.0,0.0,697200.0,0.0,3466.0,80.6827102,6.702953634,108.1057737,5.486076976
199,12,113,4228,350664,6337,13.89052963256836,15.327705383300781,8.207447545558963,1.2086169554455446,4.957142857,c:\Users\conri\OneDrive\Desktop\AI Capstone\Methodology\Python Pipeline\training_images\199.png,2.0,15.0,6158.0,118075.0,130.0,14.16616261,3.315948148,15.86039575,4.063276167
200,25,106,9471,106316,5167,18.387840270996094,43.08147430419922,22.51508280870167,602.4810366624525,6.491071429,c:\Users\conri\OneDrive\Desktop\AI Capstone\Methodology\Python Pipeline\training_images\200.png,1.0,2.0,311406.0,14002.0,4.0,18.56252476,2.935117011,43.59352832,3.038601002
201,5,29,691235,10260,15076,96.15528106689453,75.84447479248047,47.669541080431415,1.234592288242731,6.170940171,c:\Users\conri\OneDrive\Desktop\AI Capstone\Methodology\Python Pipeline\training_images\201.png,5.0,6.0,367970.0,32695.0,8827.0,96.38908695,28.31606611,75.0118926,4.699931222
202,59,39,83693,235235,10021,29.70814323425293,70.57662963867188,30.06066124304229,803.7195796460177,4.777777778,c:\Users\conri\OneDrive\Desktop\AI Capstone\Methodology\Python Pipeline\training_images\202.png,30.0,30.0,253450.0,551936.0,16.0,29.87240323,2.974399278,71.48270933,14.76546566
203,83,34,90798,264887,7519,36.1546630859375,76.04412078857422,33.21064531010598,362.97013274336285,3.647058824,c:\Users\conri\OneDrive\Desktop\AI Capstone\Methodology\Python Pipeline\training_images\203.png,36.0,12.0,254206.0,358148.0,217.0,35.36260141,6.175705766,77.02520561,11.45598672
204,68,53,86464,298004,12817,28.26905059814453,43.92966842651367,23.183492638896915,307.8294836956522,4.991735537,c:\Users\conri\OneDrive\Desktop\AI Capstone\Methodology\Python Pipeline\training_images\204.png,1.0,2.0,902689.0,50345.0,2917.0,28.56481701,29.32329042,43.96203963,6.500728246
205,16,172,210862,236829,13837,72.59581756591797,72.15805053710938,44.35854950526699,312.013744813278,5.68442623,c:\Users\conri\OneDrive\Desktop\AI Capstone\Methodology\Python Pipeline\training_images\205.png,14.0,21.0,154179.0,107142.0,8662.0,73.37155028,17.32501995,72.69223748,6.18741903
206,0,1,0,599568,10057,48.678165435791016,32.678749084472656,30.985558012626267,1.3488432320441988,5.188118812,c:\Users\conri\OneDrive\Desktop\AI Capstone\Methodology\Python Pipeline\training_images\206.png,13.0,6.0,453941.0,55723.0,3643.0,49.46676968,7.996464297,33.05392546,5.390038723
207,1,11,556891,1964,16249,30.0753116607666,37.143585205078125,17.078967057832482,2.7470112517580874,5.596638655,c:\Users\conri\OneDrive\Desktop\AI Capstone\Methodology\Python Pipeline\training_images\207.png,1.0,2.0,2199706.0,6842.0,1387.0,30.32393022,8.830545214,37.54852065,11.96322304
208,131,20,250598,15321,11065,28.502639770507812,57.650390625,29.44791106853158,464.17709802538786,5.420833333,c:\Users\conri\OneDrive\Desktop\AI Capstone\Methodology\Python Pipeline\training_images\208.png,0.0,0.0,2003778.0,0.0,4630.0,28.60612753,11.74259793,57.90210899,10.95882529
209,1,2,749979,598,14656,92.62884521484375,78.99493408203125,35.9537256305229,1.252003205128205,5.23245614,c:\Users\conri\OneDrive\Desktop\AI Capstone\Methodology\Python Pipeline\training_images\209.png,7.0,6.0,815254.0,69217.0,3751.0,92.9246514,12.83742507,79.15203974,7.577255646
210,124,247,201592,143724,12289,25.18471336364746,60.080108642578125,31.628923533159124,11.444091796875,5.115740741,c:\Users\conri\OneDrive\Desktop\AI Capstone\Methodology\Python Pipeline\training_images\210.png,13.0,31.0,464162.0,301084.0,16.0,25.06683122,7.022901387,60.3780861,11.02174035
211,59,11,601590,2097,13459,81.88460540771484,88.35138702392578,43.74475452437915,1.3773801128349787,5.189516129,c:\Users\conri\OneDrive\Desktop\AI Capstone\Methodology\Python Pipeline\training_images\211.png,0.0,0.0,2003778.0,0.0,15631.0,82.68822394,14.8833846,88.70361475,11.43996137
212,55,63,550357,9803,14185,153.8301544189453,96.33018493652344,46.21985352417171,1.4298133235724744,5.179487179,c:\Users\conri\OneDrive\Desktop\AI Capstone\Methodology\Python Pipeline\training_images\212.png,13.0,23.0,320703.0,236947.0,10063.0,154.4479149,8.833205715,97.26831907,9.608531213
213,0,21,0,805881,8800,121.83377075195312,52.639991760253906,37.743869548525595,1.1923840048840049,5.037815126,c:\Users\conri\OneDrive\Desktop\AI Capstone\Methodology\Python Pipeline\training_images\213.png,5.0,15.0,94014.0,247235.0,19.0,121.7993512,2.837029281,52.92680697,7.001213404
214,271,80,262416,135404,15985,23.73317527770996,41.484275817871094,25.366345363354622,713.348388671875,2.282828283,c:\Users\conri\OneDrive\Desktop\AI Capstone\Methodology\Python Pipeline\training_images\214.png,29.0,4.0,1355411.0,77664.0,15643.0,24.60315164,5.908911689,40.33885335,11.12597269
215,0,2,0,788089,15895,35.952972412109375,41.794647216796875,23.579716191687805,8.620349936948298,5.401709402,c:\Users\conri\OneDrive\Desktop\AI Capstone\Methodology\Python Pipeline\training_images\215.png,2.0,4.0,345965.0,32041.0,160.0,35.87125985,32.01084771,42.29599637,3.758569783
216,95,51,125774,151717,10345,24.26487159729004,51.26982116699219,17.505077032990055,1.4256386861313868,5.655172414,c:\Users\conri\OneDrive\Desktop\AI Capstone\Methodology\Python Pipeline\training_images\216.png,1.0,1.0,468437.0,1338.0,2893.0,25.07007804,6.498155543,52.20228276,4.101996776
217,94,79,51282,327720,13048,5.5081467628479,14.92361068725586,6.751496196008651,640.6476777939042,3.504587156,c:\Users\conri\OneDrive\Desktop\AI Capstone\Methodology\Python Pipeline\training_images\217.png,0.0,17.0,72476.0,295639.0,274.0,5.340687882,29.97285811,15.21908137,7.391656228
218,2,7,735255,1201,16327,127.33577728271484,92.94984436035156,54.973913292155025,1.3214648173207038,4.204166667,c:\Users\conri\OneDrive\Desktop\AI Capstone\Methodology\Python Pipeline\training_images\218.png,10.0,2.0,1651737.0,24629.0,31597.0,128.0042814,39.28377623,92.05283106,11.16279989
219,22,6,4069,208655,16000,18.57574462890625,38.29656982421875,22.751286924384686,846.8175415183867,5.082568807,c:\Users\conri\OneDrive\Desktop\AI Capstone\Methodology\Python Pipeline\training_images\219.png,34.0,15.0,512940.0,118094.0,16.0,18.45840971,3.034007617,38.54722628,8.29837717
220,13,23,513050,26687,14908,29.757770538330078,16.356534957885742,8.851783492813423,28.26519536903039,4.728813559,c:\Users\conri\OneDrive\Desktop\AI Capstone\Methodology\Python Pipeline\training_images\220.png,1.0,0.0,1512940.0,0.0,14446.0,30.94595982,19.99050498,16.42825513,8.213342775
221,15,0,387833,0,9877,57.15960693359375,77.95834350585938,42.86930341726091,1.3488432320441988,4.416666667,c:\Users\conri\OneDrive\Desktop\AI Capstone\Methodology\Python Pipeline\training_images\221.png,1.0,0.0,912494.0,0.0,5365.0,57.98003243,41.51530508,77.96859178,6.002973435
222,211,33,240621,15865,9739,43.24589538574219,43.86785888671875,33.118442567118336,1247.0538036410924,4.194915254,c:\Users\conri\OneDrive\Desktop\AI Capstone\Methodology\Python Pipeline\training_images\222.png,17.0,17.0,547420.0,162264.0,10642.0,43.63077697,16.03518864,44.11824558,8.50477295
223,0,5,0,723372,16384,59.86784362792969,82.505615234375,28.363183758464885,1.358223226703755,5.76,c:\Users\conri\OneDrive\Desktop\AI Capstone\Methodology\Python Pipeline\training_images\223.png,5.0,7.0,1075893.0,109292.0,20758.0,59.70362905,12.78332421,82.68453811,9.670547766
224,123,291,43857,148139,11692,27.307819366455078,30.177501678466797,20.15761256279739,1.3161219676549867,4.68442623,c:\Users\conri\OneDrive\Desktop\AI Capstone\Methodology\Python Pipeline\training_images\224.png,149.0,47.0,826905.0,144923.0,13645.0,27.72783724,11.5930945,31.06601896,21.1553918
225,11,3,304665,100684,7855,88.99414825439453,89.29010772705078,61.51780327397307,153.76164362980768,2.578703704,c:\Users\conri\OneDrive\Desktop\AI Capstone\Methodology\Python Pipeline\training_images\225.png,1.0,3.0,344833.0,6246.0,130.0,89.09633269,22.1563551,89.8222843,3.819815963
226,16,27,316183,16479,12220,47.12582778930664,64.45819854736328,38.04020376401856,273.28706675224646,3.952586207,c:\Users\conri\OneDrive\Desktop\AI Capstone\Methodology\Python Pipeline\training_images\226.png,2.0,2.0,653649.0,36698.0,2374.0,47.43796058,24.80681923,65.0256391,5.31173283
227,9,1,637002,179,8230,154.02902221679688,131.076904296875,84.95085249288843,1.3395919067215363,5.754545455,c:\Users\conri\OneDrive\Desktop\AI Capstone\Methodology\Python Pipeline\training_images\227.png,5.0,3.0,2022423.0,21555.0,97.0,153.7865144,24.04333887,131.8186693,12.5391035
228,105,33,35432,211822,13780,20.6737060546875,38.10112762451172,18.4159687384621,17.880721830985916,5.81512605,c:\Users\conri\OneDrive\Desktop\AI Capstone\Methodology\Python Pipeline\training_images\228.png,1.0,0.0,2076156.0,0.0,24907.0,21.37387776,6.820331358,38.23444896,11.29283136
229,0,2,0,747585,16375,78.22894287109375,56.88225555419922,36.87795334219445,1.3143506056527592,6.158333333,c:\Users\conri\OneDrive\Desktop\AI Capstone\Methodology\Python Pipeline\training_images\229.png,4.0,2.0,1685839.0,18992.0,20752.0,79.86356164,25.99156688,57.12871374,10.10022216
230,177,118,94468,76769,10168,15.432188987731934,33.56031799316406,17.24947257344961,738.6113556338028,3.943089431,c:\Users\conri\OneDrive\Desktop\AI Capstone\Methodology\Python Pipeline\training_images\230.png,27.0,15.0,797165.0,77883.0,9520.0,15.99485527,13.30531214,33.619386,8.69272562
231,189,33,324989,5383,11770,54.1133918762207,14.789735794067383,7.7639072262442195,269.3965517241379,5.125,c:\Users\conri\OneDrive\Desktop\AI Capstone\Methodology\Python Pipeline\training_images\231.png,7.0,20.0,867951.0,134893.0,12283.0,55.69720945,5.198687438,14.9520101,9.168083138
232,22,24,443339,4789,14368,65.6241455078125,54.66950225830078,33.45144850071974,1.4298133235724744,5.348,c:\Users\conri\OneDrive\Desktop\AI Capstone\Methodology\Python Pipeline\training_images\232.png,1.0,0.0,576875.0,0.0,1069.0,66.23149266,1.801896562,55.03254959,4.819339156
233,2,1,940,787277,16384,94.61084747314453,65.90478515625,37.49645794501761,1.2633408796895214,6.112244898,c:\Users\conri\OneDrive\Desktop\AI Capstone\Methodology\Python Pipeline\training_images\233.png,26.0,33.0,122205.0,143136.0,8278.0,94.65206722,38.89622119,66.08535042,8.734095746
234,0,4,0,698383,10033,153.62559509277344,57.70574188232422,49.082875109914575,1.4173621190130623,4.642857143,c:\Users\conri\OneDrive\Desktop\AI Capstone\Methodology\Python Pipeline\training_images\234.png,3.0,9.0,134761.0,49251.0,3814.0,152.5890311,9.307515823,58.37874779,3.620074906
235,29,17,527940,2068,4120,88.660888671875,86.12771606445312,52.0408227724022,147.50162760416666,5.168269231,c:\Users\conri\OneDrive\Desktop\AI Capstone\Methodology\Python Pipeline\training_images\235.png,1.0,3.0,590486.0,24769.0,178.0,78.52153651,25.63881753,80.61434017,5.233249384
236,14,106,58434,104907,10639,22.493824005126953,52.6224250793457,22.78880482582034,1085.3643002717392,6.188073394,c:\Users\conri\OneDrive\Desktop\AI Capstone\Methodology\Python Pipeline\training_images\236.png,24.0,19.0,433602.0,115948.0,2116.0,22.50118579,13.79738313,52.85162063,8.436458482
237,27,173,71635,73757,6385,21.309505462646484,39.280696868896484,20.540569594036917,1129.3833492366412,5.214876033,c:\Users\conri\OneDrive\Desktop\AI Capstone\Methodology\Python Pipeline\training_images\237.png,8.0,17.0,127001.0,380119.0,16.0,22.10256684,4.714073627,40.37499413,9.071304378
238,4,1,815373,644,9958,34.41859817504883,51.492801666259766,29.506213020990316,26.296664626682986,5.402439024,c:\Users\conri\OneDrive\Desktop\AI Capstone\Methodology\Python Pipeline\training_images\238.png,15.0,13.0,533137.0,83312.0,358.0,34.30952456,11.96126237,51.66302743,6.93207446
239,0,2,0,684075,15367,211.97369384765625,115.13482666015625,93.58539671166928,1.4298133235724744,4.016129032,c:\Users\conri\OneDrive\Desktop\AI Capstone\Methodology\Python Pipeline\training_images\239.png,16.0,7.0,278961.0,115905.0,2398.0,212.0624865,204.9578968,116.6553637,6.68881706
240,7,10,619131,1554,15202,149.0693359375,124.75035858154297,47.834528099218275,1.3773801128349787,5.390625,c:\Users\conri\OneDrive\Desktop\AI Capstone\Methodology\Python Pipeline\training_images\240.png,2.0,1.0,2583184.0,2407.0,13855.0,149.163469,5.462401777,125.4216455,14.92564095
241,0,120,0,587840,16369,9.989485740661621,32.019622802734375,14.421082915363709,1.2883410290237467,5.547008547,c:\Users\conri\OneDrive\Desktop\AI Capstone\Methodology\Python Pipeline\training_images\241.png,1.0,0.0,601917.0,0.0,4390.0,9.989485849,12.56597697,32.01962403,4.190182995
242,1,0,797064,0,7669,30.302581787109375,35.62453842163086,20.927819050680196,1.2536103979460846,5.760869565,c:\Users\conri\OneDrive\Desktop\AI Capstone\Methodology\Python Pipeline\training_images\242.png,4.0,11.0,54449.0,128261.0,4.0,30.49822737,18.90287831,35.86973252,4.223690972
243,1,24,180,799145,10471,48.122684478759766,66.08659362792969,37.94154129007947,1.2056327160493827,5.714876033,c:\Users\conri\OneDrive\Desktop\AI Capstone\Methodology\Python Pipeline\training_images\243.png,4.0,3.0,690544.0,40263.0,3586.0,48.07044633,55.52823174,65.50391427,5.781311678
244,8,82,1969,254768,8290,7.418826103210449,20.563751220703125,7.69830478401322,1162.5107020547946,5.452830189,c:\Users\conri\OneDrive\Desktop\AI Capstone\Methodology\Python Pipeline\training_images\244.png,17.0,17.0,94689.0,246158.0,16.0,7.416087931,3.323296678,20.64830822,7.303962511
245,152,111,53890,107630,8077,15.186317443847656,42.988285064697266,22.492728067750758,990.1430151706701,4.582677165,c:\Users\conri\OneDrive\Desktop\AI Capstone\Methodology\Python Pipeline\training_images\245.png,9.0,29.0,229759.0,336845.0,2218.0,15.15201305,11.67780447,43.46170477,9.598118132
246,265,94,259857,95703,16384,37.574039459228516,49.23611068725586,31.38245029984866,79.58175069060773,3.778350515,c:\Users\conri\OneDrive\Desktop\AI Capstone\Methodology\Python Pipeline\training_images\246.png,46.0,26.0,909620.0,331645.0,38359.0,41.97220467,13.66693137,55.69885617,15.68674104
247,0,1,0,765817,6892,8.616048812866211,22.806365966796875,11.866428803531825,1.2765522875816993,5.399159664,c:\Users\conri\OneDrive\Desktop\AI Capstone\Methodology\Python Pipeline\training_images\247.png,5.0,9.0,155291.0,122153.0,4.0,7.589463109,6.649221416,25.19738134,4.480971116
248,23,76,7086,370542,13744,26.27092933654785,55.75874328613281,26.79021998585339,20.345052083333332,5.530534351,c:\Users\conri\OneDrive\Desktop\AI Capstone\Methodology\Python Pipeline\training_images\248.png,5.0,15.0,2189625.0,120570.0,94.0,26.08032667,18.6428896,56.17175946,14.95965821
249,82,60,313186,17213,12487,37.478553771972656,73.10844421386719,38.22997696861412,32.458002167630056,5.048245614,c:\Users\conri\OneDrive\Desktop\AI Capstone\Methodology\Python Pipeline\training_images\249.png,1.0,0.0,642000.0,0.0,343.0,37.58614349,11.59292439,73.45511963,4.732154056
250,152,1,369564,1113,13201,44.03614044189453,55.24515151977539,30.586647259993487,9.351487688098494,5.44214876,c:\Users\conri\OneDrive\Desktop\AI Capstone\Methodology\Python Pipeline\training_images\250.png,6.0,7.0,1784854.0,15096.0,15529.0,45.39782704,63.96202754,54.72556183,10.99947595
251,10,5,1859,732958,16057,40.2873649597168,39.21746826171875,28.27065506527971,14.74056603773585,5.248031496,c:\Users\conri\OneDrive\Desktop\AI Capstone\Methodology\Python Pipeline\training_images\251.png,8.0,13.0,143533.0,84206.0,1141.0,40.6497194,11.69346249,39.78107186,4.506511039
252,88,55,182257,124614,10864,29.900863647460938,60.83700180053711,31.12678653271885,551.502238292011,5.681818182,c:\Users\conri\OneDrive\Desktop\AI Capstone\Methodology\Python Pipeline\training_images\252.png,22.0,22.0,783085.0,85046.0,5482.0,29.99028148,11.74878009,61.09672669,9.326134929
253,0,9,0,780450,16318,61.622161865234375,63.090919494628906,30.931961302066025,1.2314785624211855,5.889473684,c:\Users\conri\OneDrive\Desktop\AI Capstone\Methodology\Python Pipeline\training_images\253.png,1.0,0.0,468958.0,0.0,8491.0,61.61376253,33.95722274,62.05546796,3.958150872
254,35,6,8277,45015,2983,8.614357948303223,17.545448303222656,11.819403703492195,378.9265950520833,4.551851852,c:\Users\conri\OneDrive\Desktop\AI Capstone\Methodology\Python Pipeline\training_images\254.png,8.0,10.0,145309.0,64511.0,1444.0,8.846246354,2.09559618,17.84319616,3.772840089
255,0,2,0,693759,13576,38.22669219970703,48.43864059448242,26.836039146994874,9.351487688098494,4.636752137,c:\Users\conri\OneDrive\Desktop\AI Capstone\Methodology\Python Pipeline\training_images\255.png,3.0,13.0,370801.0,69271.0,3955.0,39.08532159,13.92296524,50.32649495,5.335163527
256,0,1,0,889938,11539,8.795329093933105,33.31556701660156,15.402902374118291,1.1147973744292237,5.630434783,c:\Users\conri\OneDrive\Desktop\AI Capstone\Methodology\Python Pipeline\training_images\256.png,4.0,2.0,889867.0,20166.0,16.0,8.807213567,1.716089064,33.3817404,6.029966121
257,0,1,0,774737,11146,80.7409896850586,67.16270446777344,39.70268998009395,1.2765522875816993,6.192913386,c:\Users\conri\OneDrive\Desktop\AI Capstone\Methodology\Python Pipeline\training_images\257.png,3.0,7.0,581644.0,141919.0,964.0,81.08154682,30.32134926,67.36074965,7.194266518
258,7,1,952,782652,16384,39.290714263916016,42.897064208984375,20.864188443518632,1.2408672172808133,5.952586207,c:\Users\conri\OneDrive\Desktop\AI Capstone\Methodology\Python Pipeline\training_images\258.png,1.0,42.0,5512.0,263924.0,4306.0,38.44607118,27.53374041,41.46544601,7.767027881
259,13,31,610120,13660,14044,73.54158782958984,89.47736358642578,32.70763551305661,1.3620118549511855,5.688888889,c:\Users\conri\OneDrive\Desktop\AI Capstone\Methodology\Python Pipeline\training_images\259.png,2.0,0.0,2680000.0,0.0,6994.0,72.94921679,4.268333046,90.26838657,14.88709438
260,0,1,0,767249,16384,70.830322265625,40.12605285644531,19.164071104183087,1.3020833333333333,5.995726496,c:\Users\conri\OneDrive\Desktop\AI Capstone\Methodology\Python Pipeline\training_images\260.png,2.0,4.0,465632.0,17854.0,8179.0,71.44015274,13.49675747,40.19776453,4.115644442
261,79,35,104832,66614,7687,26.864641189575195,52.83028793334961,26.660598148034858,736.9598048327138,3.24796748,c:\Users\conri\OneDrive\Desktop\AI Capstone\Methodology\Python Pipeline\training_images\261.png,17.0,4.0,600230.0,47053.0,16.0,27.51755004,29.95511024,54.41135458,6.40861645
262,54,41,232410,35937,10495,44.51155471801758,66.08863067626953,36.1814895767788,226.33870442708334,3.465517241,c:\Users\conri\OneDrive\Desktop\AI Capstone\Methodology\Python Pipeline\training_images\262.png,6.0,3.0,594946.0,5172.0,6634.0,44.56390625,35.88756162,64.72978259,5.03560214
263,0,4,0,779891,16384,137.95689392089844,56.27387237548828,51.99495924666917,11.08330706179067,5.904761905,c:\Users\conri\OneDrive\Desktop\AI Capstone\Methodology\Python Pipeline\training_images\263.png,21.0,36.0,429124.0,222176.0,20041.0,138.1298808,15.7174064,56.25377435,10.34770837
264,16,20,69642,112410,6553,40.856929779052734,82.78164672851562,22.874822483514112,780.7413736979166,5.048076923,c:\Users\conri\OneDrive\Desktop\AI Capstone\Methodology\Python Pipeline\training_images\264.png,10.0,8.0,262724.0,28613.0,1630.0,40.88988113,3.35379833,82.78003697,4.691484018
265,152,67,92155,88634,9580,26.8908634185791,58.97157287597656,27.18957313911777,782.518262987013,5.447580645,c:\Users\conri\OneDrive\Desktop\AI Capstone\Methodology\Python Pipeline\training_images\265.png,35.0,28.0,1002637.0,339456.0,2050.0,27.00556571,8.342419165,60.09393919,15.07504343
266,0,2,0,783022,8821,67.55512237548828,29.35089683532715,16.08772093050732,1.1880322384428224,5.963414634,c:\Users\conri\OneDrive\Desktop\AI Capstone\Methodology\Python Pipeline\training_images\266.png,1.0,2.0,731352.0,17355.0,91.0,68.13991905,4.781307579,29.69923024,5.292374348
267,91,122,51217,69573,7891,14.615913391113281,37.03770446777344,17.2073455210386,1284.9506578947369,4.935483871,c:\Users\conri\OneDrive\Desktop\AI Capstone\Methodology\Python Pipeline\training_images\267.png,31.0,52.0,161983.0,340953.0,16.0,14.70921117,5.076402321,37.79420124,12.6316
268,61,60,45194,86909,10186,14.761931419372559,39.103424072265625,19.44731072043007,880.7946305248619,4.87704918,c:\Users\conri\OneDrive\Desktop\AI Capstone\Methodology\Python Pipeline\training_images\268.png,7.0,6.0,235337.0,88043.0,2134.0,15.24134938,14.63080083,40.29008318,4.46345711
269,17,142,18006,335847,15268,23.21427345275879,38.35854721069336,18.37970967186729,18.8058803301238,6.348214286,c:\Users\conri\OneDrive\Desktop\AI Capstone\Methodology\Python Pipeline\training_images\269.png,2.0,1.0,598852.0,23374.0,9466.0,22.90609552,15.84231863,37.28566131,4.863856822
270,3,0,768051,0,16384,131.59361267089844,55.12492370605469,41.76110553008071,1.2682629870129871,5.902777778,c:\Users\conri\OneDrive\Desktop\AI Capstone\Methodology\Python Pipeline\training_images\270.png,2.0,3.0,591725.0,21020.0,9586.0,132.5449684,33.66247461,55.27090708,4.756165263
271,57,36,131082,132144,6079,36.279144287109375,69.48483276367188,31.024795828635693,507.8599635479951,4.785714286,c:\Users\conri\OneDrive\Desktop\AI Capstone\Methodology\Python Pipeline\training_images\271.png,3.0,7.0,10181.0,75125.0,196.0,36.39893818,6.986761725,69.86137726,3.378362661
272,12,23,712262,4308,4126,129.8794403076172,65.02406311035156,38.536260477672236,1.2986203457446808,4.579207921,c:\Users\conri\OneDrive\Desktop\AI Capstone\Methodology\Python Pipeline\training_images\272.png,6.0,5.0,297941.0,16389.0,673.0,129.8936144,3.78189549,65.02046122,4.179711797
273,141,139,59679,177436,9148,32.66688537597656,71.26055145263672,33.60605774046668,1284.3506809338521,4.856060606,c:\Users\conri\OneDrive\Desktop\AI Capstone\Methodology\Python Pipeline\training_images\273.png,9.0,22.0,115889.0,259887.0,157.0,33.49746481,9.320107226,73.59405995,7.896809209
274,2,2,667834,620,16195,116.81449127197266,116.20608520507812,59.19263334974434,1.2330334595959598,3.413978495,c:\Users\conri\OneDrive\Desktop\AI Capstone\Methodology\Python Pipeline\training_images\274.png,1.0,0.0,597040.0,0.0,11503.0,118.4943886,36.71848388,117.0939049,5.064205357
275,21,8,406395,262091,12052,165.71571350097656,106.97089385986328,52.40859793411438,85.66337719298245,5.37037037,c:\Users\conri\OneDrive\Desktop\AI Capstone\Methodology\Python Pipeline\training_images\275.png,22.0,30.0,332387.0,538988.0,16.0,161.7614761,3.349563062,108.2378992,14.79867009
276,38,16,10063,526058,16204,11.034708976745605,26.32861328125,12.032350621363701,1.3432771664374141,5.106557377,c:\Users\conri\OneDrive\Desktop\AI Capstone\Methodology\Python Pipeline\training_images\276.png,6.0,5.0,1980396.0,143279.0,11578.0,11.28180937,6.041005836,26.63964267,13.68857305
277,20,0,734909,0,16312,187.5828857421875,76.53083038330078,36.45443895394222,1.2715657552083333,6.453488372,c:\Users\conri\OneDrive\Desktop\AI Capstone\Methodology\Python Pipeline\training_images\277.png,33.0,39.0,471303.0,159419.0,24364.0,189.4165552,7.200499793,77.60198742,11.389268
278,15,0,762791,0,7543,33.08170700073242,48.54380416870117,36.66544206342395,1.2715657552083333,5.46969697,c:\Users\conri\OneDrive\Desktop\AI Capstone\Methodology\Python Pipeline\training_images\278.png,2.0,6.0,177321.0,161752.0,64.0,32.52048933,4.947642726,50.07041533,4.96389821
279,159,152,50210,135986,10054,39.179100036621094,64.0909194946289,37.52939656070823,1472.8685998735778,4.584070796,c:\Users\conri\OneDrive\Desktop\AI Capstone\Methodology\Python Pipeline\training_images\279.png,36.0,38.0,249835.0,363921.0,18892.0,43.25171863,11.07384155,74.2783271,13.12955217
280,22,1,7057,772554,13501,12.72037124633789,22.100608825683594,8.852926133525845,1.2330334595959598,4.4875,c:\Users\conri\OneDrive\Desktop\AI Capstone\Methodology\Python Pipeline\training_images\280.png,1.0,0.0,744399.0,0.0,538.0,13.24705821,3.181625175,23.1983952,5.011454158
281,49,33,240487,73628,11389,41.335777282714844,71.8041000366211,40.1996854228303,504.79956021650884,4.435185185,c:\Users\conri\OneDrive\Desktop\AI Capstone\Methodology\Python Pipeline\training_images\281.png,3.0,9.0,1126452.0,64148.0,3751.0,41.10262871,12.11965328,72.22614953,8.673441143
282,0,1,0,807736,8842,58.07284164428711,80.18370819091797,25.585109285537044,1.234592288242731,4.915966387,c:\Users\conri\OneDrive\Desktop\AI Capstone\Methodology\Python Pipeline\training_images\282.png,8.0,23.0,95249.0,89153.0,3181.0,58.47360794,3.638015258,81.01539085,6.081814794
283,201,9,344233,7226,11413,23.18241310119629,63.18706130981445,28.697325719644322,1.2536103979460846,5.317391304,c:\Users\conri\OneDrive\Desktop\AI Capstone\Methodology\Python Pipeline\training_images\283.png,36.0,6.0,1102105.0,163893.0,11281.0,24.00212919,21.80824961,61.47121303,11.99684669
284,4,1,488,817009,5893,12.292206764221191,39.671871185302734,14.874075398003503,1.211616004962779,3.684,c:\Users\conri\OneDrive\Desktop\AI Capstone\Methodology\Python Pipeline\training_images\284.png,14.0,24.0,141863.0,252064.0,16.0,11.69587919,0.888543414,41.12538395,8.08289615
285,1,0,824085,0,16384,52.85023498535156,50.28788375854492,30.194444013813552,1.1780006031363088,5.518018018,c:\Users\conri\OneDrive\Desktop\AI Capstone\Methodology\Python Pipeline\training_images\285.png,1.0,0.0,1743240.0,0.0,13183.0,51.66259947,17.75254612,50.42326633,9.676391171
286,63,143,79561,171659,16384,18.48314094543457,30.362062454223633,13.657995718665596,9.415891873278238,5.512605042,c:\Users\conri\OneDrive\Desktop\AI Capstone\Methodology\Python Pipeline\training_images\286.png,15.0,24.0,282382.0,207889.0,2002.0,18.50548623,17.38314967,30.41005502,8.231442166
287,8,7,755072,21619,15097,87.83899688720703,50.76017379760742,28.90729480447938,1.2617086563307494,6.557377049,c:\Users\conri\OneDrive\Desktop\AI Capstone\Methodology\Python Pipeline\training_images\287.png,1.0,11.0,95022.0,86048.0,9757.0,88.70436943,23.31472161,51.29297462,3.77825951
288,32,153,157649,125841,10456,60.426849365234375,83.89262390136719,45.000566086968135,683.8397355163728,5.957983193,c:\Users\conri\OneDrive\Desktop\AI Capstone\Methodology\Python Pipeline\training_images\288.png,13.0,27.0,309294.0,79723.0,2320.0,60.9390025,15.92517079,85.3376165,7.042104252
289,37,122,16047,307422,10498,40.611907958984375,47.99367141723633,29.336908906686958,1.4298133235724744,5.608108108,c:\Users\conri\OneDrive\Desktop\AI Capstone\Methodology\Python Pipeline\training_images\289.png,51.0,29.0,290679.0,102044.0,15304.0,41.08168385,18.54801105,48.28798801,9.482736343
290,34,74,18021,122095,9709,10.94347095489502,30.447784423828125,17.604387357680558,703.4681551976574,5.538461538,c:\Users\conri\OneDrive\Desktop\AI Capstone\Methodology\Python Pipeline\training_images\290.png,7.0,7.0,140349.0,52147.0,397.0,10.98139815,20.9141242,30.7236633,3.360842891
291,50,69,441023,13477,8926,34.575313568115234,39.99064254760742,22.51756624849532,1.3488432320441988,5.314049587,c:\Users\conri\OneDrive\Desktop\AI Capstone\Methodology\Python Pipeline\training_images\291.png,14.0,12.0,353018.0,60492.0,832.0,34.86795573,9.485700612,40.54193492,6.184308179
292,17,63,129378,276719,12853,54.98466873168945,88.3898696899414,45.119650509381316,90.14423076923077,5.682291667,c:\Users\conri\OneDrive\Desktop\AI Capstone\Methodology\Python Pipeline\training_images\292.png,12.0,10.0,1031619.0,104539.0,6676.0,54.47416629,14.15319972,88.7741461,9.53438928
293,1,2,737845,8192,15439,158.5328369140625,132.47071838378906,50.68660493372701,1.2715657552083333,6.042372881,c:\Users\conri\OneDrive\Desktop\AI Capstone\Methodology\Python Pipeline\training_images\293.png,1.0,1.0,2862000.0,238.0,31156.0,159.2241683,18.05479493,133.0067485,16.18841138
294,0,1,0,750488,6352,47.23684310913086,24.544048309326172,15.023479891976526,1.3038217623497996,6.47826087,c:\Users\conri\OneDrive\Desktop\AI Capstone\Methodology\Python Pipeline\training_images\294.png,10.0,23.0,39834.0,55728.0,4.0,47.04794833,2.696269801,24.86302253,4.590454594
295,0,1,0,718528,11293,57.47874069213867,55.78361129760742,24.01722782424437,1.3715765449438202,5.434615385,c:\Users\conri\OneDrive\Desktop\AI Capstone\Methodology\Python Pipeline\training_images\295.png,34.0,7.0,565113.0,45393.0,18439.0,58.24305126,10.69501834,56.20375295,8.081356693
296,11,45,76180,351373,13639,19.42499542236328,21.51091766357422,11.801245400048632,2.701417704011065,4.675438596,c:\Users\conri\OneDrive\Desktop\AI Capstone\Methodology\Python Pipeline\training_images\296.png,29.0,23.0,773480.0,167871.0,22684.0,19.72675124,14.23111762,21.25870837,10.82909161
297,105,15,316096,11872,15175,29.739503860473633,40.102996826171875,33.04981071111887,1.334101775956284,5.630841121,c:\Users\conri\OneDrive\Desktop\AI Capstone\Methodology\Python Pipeline\training_images\297.png,1.0,5.0,521287.0,14836.0,1624.0,29.90363357,3.757706835,40.30071021,4.599964928
298,8,0,850265,0,14857,25.236530303955078,71.0285873413086,33.221145087674486,1.134218931475029,5.38,c:\Users\conri\OneDrive\Desktop\AI Capstone\Methodology\Python Pipeline\training_images\298.png,5.0,29.0,479975.0,302444.0,16.0,24.28032248,0.789425282,71.64753999,10.36423338
299,88,34,50235,212430,9964,26.36185073852539,41.80803680419922,20.408386825137967,86.61029884318766,6.231818182,c:\Users\conri\OneDrive\Desktop\AI Capstone\Methodology\Python Pipeline\training_images\299.png,2.0,6.0,1645824.0,19004.0,12316.0,26.84508142,48.0967498,42.60741963,9.851822955
300,88,23,51881,516390,10441,48.65725326538086,67.90922546386719,37.0070305727532,245.41219075520831,5.510752688,c:\Users\conri\OneDrive\Desktop\AI Capstone\Methodology\Python Pipeline\training_images\300.png,4.0,28.0,29626.0,190125.0,1846.0,51.30823351,20.71373607,68.25509168,6.669782471
301,5,41,1102,669811,9583,63.36306381225586,35.797203063964844,26.032829547958208,1.3488432320441988,5.590551181,c:\Users\conri\OneDrive\Desktop\AI Capstone\Methodology\Python Pipeline\training_images\301.png,23.0,34.0,261632.0,119723.0,727.0,79.24099192,15.45619536,53.4633019,7.96731829
302,14,132,8255,466957,10060,42.16139221191406,63.6698112487793,31.842985553645136,4.53161252900232,6.118110236,c:\Users\conri\OneDrive\Desktop\AI Capstone\Methodology\Python Pipeline\training_images\302.png,7.0,7.0,1986933.0,46382.0,49.0,41.91083641,31.3132489,64.27863515,12.49106874
303,63,27,554558,11488,6655,40.732112884521484,48.90414810180664,20.606789257806,263.90294209215443,5.8,c:\Users\conri\OneDrive\Desktop\AI Capstone\Methodology\Python Pipeline\training_images\303.png,7.0,20.0,174633.0,32487.0,442.0,40.77752533,3.554835476,49.07418775,4.491973464
304,0,1,0,709074,8755,47.902809143066406,50.95708465576172,24.445964609961138,1.3658216783216783,5.325688073,c:\Users\conri\OneDrive\Desktop\AI Capstone\Methodology\Python Pipeline\training_images\304.png,49.0,12.0,912823.0,28143.0,6265.0,42.80413455,3.34363573,52.18361801,10.80481003
305,0,1,0,729545,8212,33.92505645751953,46.32830047607422,23.980142647105005,1.3658216783216783,5.242990654,c:\Users\conri\OneDrive\Desktop\AI Capstone\Methodology\Python Pipeline\training_images\305.png,50.0,15.0,1076463.0,45974.0,4534.0,30.57155783,4.662831667,47.90962958,12.07613466
306,0,1,0,692211,8503,36.33320617675781,54.89840316772461,26.99902026841105,2.7316433566433567,5.31092437,c:\Users\conri\OneDrive\Desktop\AI Capstone\Methodology\Python Pipeline\training_images\306.png,46.0,20.0,823075.0,88664.0,4858.0,33.53822618,8.165550373,54.26460008,11.36534904
307,136,49,238670,25222,10180,52.62037658691406,83.40596008300781,41.993714531921256,169.4177538787024,5.169421488,c:\Users\conri\OneDrive\Desktop\AI Capstone\Methodology\Python Pipeline\training_images\307.png,8.0,11.0,1660940.0,15863.0,15880.0,52.89663376,29.85597082,83.6291217,10.87475576
308,0,1,0,776717,15277,183.5829315185547,64.57675170898438,33.58335392086313,1.2832621550591328,6.535087719,c:\Users\conri\OneDrive\Desktop\AI Capstone\Methodology\Python Pipeline\training_images\308.png,3.0,22.0,817132.0,82842.0,8779.0,183.657989,2.985813897,65.17225817,8.98443329
309,0,1,0,721920,11704,129.90940856933594,48.17271423339844,36.37859143163527,1.3793255649717515,6.306306306,c:\Users\conri\OneDrive\Desktop\AI Capstone\Methodology\Python Pipeline\training_images\309.png,16.0,21.0,499036.0,205069.0,5569.0,130.1855824,17.94247429,48.76008181,9.080591609
310,33,65,15924,548453,12916,15.483857154846191,34.298519134521484,18.146976808526126,1.2131211180124224,4.663461538,c:\Users\conri\OneDrive\Desktop\AI Capstone\Methodology\Python Pipeline\training_images\310.png,15.0,12.0,686499.0,23853.0,1750.0,15.60016181,26.48617178,34.64424003,6.846959855
311,11,177,4704,288398,9697,15.738362312316895,33.73695755004883,17.224556903869164,1009.8964917825537,5.833333333,c:\Users\conri\OneDrive\Desktop\AI Capstone\Methodology\Python Pipeline\training_images\311.png,13.0,25.0,475792.0,546726.0,16.0,16.02334023,16.77239644,35.21554434,14.11782255
312,20,23,579623,8263,14638,71.440185546875,73.08273315429688,42.70242179544151,1.3773801128349787,5.834782609,c:\Users\conri\OneDrive\Desktop\AI Capstone\Methodology\Python Pipeline\training_images\312.png,17.0,10.0,2121583.0,61933.0,13972.0,73.5797908,21.51177628,73.44438669,14.50731198
313,6,2,628117,1055,12259,71.25711822509766,87.35382080078125,45.069524997746086,1.4298133235724744,5.271551724,c:\Users\conri\OneDrive\Desktop\AI Capstone\Methodology\Python Pipeline\training_images\313.png,1.0,1.0,887760.0,35844.0,3088.0,69.04984579,6.894846796,87.73642762,6.666936682
314,86,100,228740,22685,12706,27.388099670410156,45.51632308959961,23.434846090861093,314.2804730662983,5.900793651,c:\Users\conri\OneDrive\Desktop\AI Capstone\Methodology\Python Pipeline\training_images\314.png,4.0,9.0,550113.0,69862.0,3808.0,27.37462907,18.09037804,45.51009676,5.678303751
315,2,0,724926,0,12811,35.513675689697266,43.746036529541016,22.924357717099355,9.300595238095239,5.479166667,c:\Users\conri\OneDrive\Desktop\AI Capstone\Methodology\Python Pipeline\training_images\315.png,1.0,0.0,1930742.0,0.0,15454.0,44.32825531,19.89058273,54.0456205,10.82576923
316,4,0,720098,0,11869,120.76366424560547,56.45817184448242,29.430926204916474,1.3773801128349787,5.81779661,c:\Users\conri\OneDrive\Desktop\AI Capstone\Methodology\Python Pipeline\training_images\316.png,12.0,24.0,1499927.0,219397.0,14428.0,124.1903947,10.15835348,57.01056397,14.59286694
317,77,63,222128,74849,12244,18.979427337646484,48.07421112060547,24.223609300472862,969.0888073979592,5.527522936,c:\Users\conri\OneDrive\Desktop\AI Capstone\Methodology\Python Pipeline\training_images\317.png,6.0,21.0,1236327.0,201033.0,2107.0,18.86114014,10.26172019,48.34377195,11.87497586
318,2,7,1780,769204,16384,52.2846565246582,33.78407669067383,20.636914788464846,1.2715657552083333,6.373913043,c:\Users\conri\OneDrive\Desktop\AI Capstone\Methodology\Python Pipeline\training_images\318.png,3.0,7.0,51388.0,138747.0,8710.0,45.91952387,12.40899903,31.0325972,4.418450998
319,80,189,27121,98367,9505,25.262056350708008,50.98750686645508,29.976025052460038,543.3086661911555,4.436893204,c:\Users\conri\OneDrive\Desktop\AI Capstone\Methodology\Python Pipeline\training_images\319.png,55.0,74.0,449918.0,177679.0,7681.0,25.46995547,11.07240352,51.62746819,23.19309366
321,19,5,676185,647,14452,47.18010330200195,29.557220458984375,17.18168524153864,78.83707682291667,4.666666667,c:\Users\conri\OneDrive\Desktop\AI Capstone\Methodology\Python Pipeline\training_images\321.png,1.0,0.0,3119104.0,0.0,26584.0,47.06236585,10.17626869,29.62145642,16.00586175
322,43,1,377888,12703,9379,0.0,0.0,0.005595096612865866,235.09837962962962,4.279279279,c:\Users\conri\OneDrive\Desktop\AI Capstone\Methodology\Python Pipeline\training_images\322.png,1.0,0.0,357296.0,0.0,4.0,0.0,0.0,0.0,2.391940336
323,1,2,173,718995,12364,183.84413146972656,112.641845703125,86.65623789503766,1.3359268125854993,4.020661157,c:\Users\conri\OneDrive\Desktop\AI Capstone\Methodology\Python Pipeline\training_images\323.png,12.0,17.0,765985.0,97588.0,16672.0,184.2881393,56.77888151,112.9940769,8.860605999
324,25,21,4089,50808,6451,10.13538646697998,28.305601119995117,14.783914261549059,1243.6668471534654,4.517391304,c:\Users\conri\OneDrive\Desktop\AI Capstone\Methodology\Python Pipeline\training_images\324.png,9.0,15.0,640465.0,42770.0,16.0,10.15574897,21.63212555,29.09173102,6.391244015
325,48,10,606602,20249,12550,72.55183410644531,62.77301788330078,37.562298354406664,1.2715657552083333,5.824561404,c:\Users\conri\OneDrive\Desktop\AI Capstone\Methodology\Python Pipeline\training_images\325.png,12.0,26.0,818277.0,178351.0,1612.0,72.50809864,36.052444,63.15989978,10.98975962
326,1,2,175,774700,5794,54.800254821777344,43.19809341430664,24.426626552273163,1.2765522875816993,5.553435115,c:\Users\conri\OneDrive\Desktop\AI Capstone\Methodology\Python Pipeline\training_images\326.png,46.0,8.0,664530.0,94061.0,7804.0,55.37715562,11.77765102,42.96063521,9.579547572
327,73,76,457050,13273,11491,59.21916580200195,75.0284423828125,43.93354142233911,1.2377217997465144,5.977678571,c:\Users\conri\OneDrive\Desktop\AI Capstone\Methodology\Python Pipeline\training_images\327.png,1.0,2.0,1021824.0,2551.0,178.0,58.81166667,3.82575122,75.30478629,6.633262012
328,30,63,394029,44360,13633,31.323579788208008,28.32201385498047,12.41138219350458,416.3313662374821,5.967741935,c:\Users\conri\OneDrive\Desktop\AI Capstone\Methodology\Python Pipeline\training_images\328.png,6.0,5.0,252172.0,58058.0,3934.0,32.01479265,9.943136559,28.56572237,4.033561883
329,0,1,0,704087,10051,36.624595642089844,53.40275573730469,19.830995944985357,1.407150576368876,5.331896552,c:\Users\conri\OneDrive\Desktop\AI Capstone\Methodology\Python Pipeline\training_images\329.png,27.0,13.0,306600.0,136482.0,1840.0,36.71459852,5.479839508,53.50408816,7.72861673
